--------------------------------------------------------
--  파일이 생성됨 - 일요일-9월-18-2022   
--------------------------------------------------------
DROP SEQUENCE "DZ_INDEX_SEQ";
DROP SEQUENCE "MC_INDEX_SEQ";
DROP SEQUENCE "MEMBER_INDEX_SEQ";
DROP SEQUENCE "MENU_INDEX_SEQ";
DROP SEQUENCE "NOTICE_INDEX_SEQ";
DROP SEQUENCE "OG_INDEX_SEQ";
DROP SEQUENCE "OPTION_INDEX_SEQ";
DROP SEQUENCE "ORDERED_OPTION_SEQ";
DROP SEQUENCE "REPLY_INDEX_SEQ";
DROP SEQUENCE "REVIEW_INDEX_SEQ";
DROP SEQUENCE "RST_ID_SEQ";
DROP SEQUENCE "SELECTED_OPTION_SEQ";
DROP TABLE "ADMINISTRATOR" cascade constraints;
DROP TABLE "CART" cascade constraints;
DROP TABLE "DELIVERY_ZONE" cascade constraints;
DROP TABLE "FAVORITE_RESTAURANT" cascade constraints;
DROP TABLE "MEMBER_INFO" cascade constraints;
DROP TABLE "MEMBER_LOGIN" cascade constraints;
DROP TABLE "MENU" cascade constraints;
DROP TABLE "MENU_CATEGORY" cascade constraints;
DROP TABLE "MENU_OPTION" cascade constraints;
DROP TABLE "NONMEMBER" cascade constraints;
DROP TABLE "NOTICE" cascade constraints;
DROP TABLE "OPTION_GROUP" cascade constraints;
DROP TABLE "OPTION_INFO" cascade constraints;
DROP TABLE "ORDERED_OPTION" cascade constraints;
DROP TABLE "ORDER_DETAIL" cascade constraints;
DROP TABLE "ORDER_HISTORY" cascade constraints;
DROP TABLE "OWNED_COUPON" cascade constraints;
DROP TABLE "REPLY" cascade constraints;
DROP TABLE "RESTAURANT" cascade constraints;
DROP TABLE "RESTAURANT_CATEGORY" cascade constraints;
DROP TABLE "RESTAURANT_MANAGER" cascade constraints;
DROP TABLE "REVIEW" cascade constraints;
DROP TABLE "REVIEW_LIKE" cascade constraints;
DROP TABLE "SELECTED_OPTION" cascade constraints;
DROP TABLE "VALID_COUPON" cascade constraints;
DROP TABLE "WITHDRAW_MEMBER" cascade constraints;
DROP VIEW "V_REVIEW_TO_RST";
DROP VIEW "V_RST_RATING";
DROP VIEW "V_RST_REVIEW_COUNT";
DROP PROCEDURE "DELETE_MEMBER_INFO";
DROP PACKAGE "PKG_CRYPTO";
DROP PACKAGE BODY "PKG_CRYPTO";
DROP FUNCTION "DECRYPT";
DROP FUNCTION "ENCRYPT";
--------------------------------------------------------
--  DDL for Sequence DZ_INDEX_SEQ
--------------------------------------------------------

   CREATE SEQUENCE  "DZ_INDEX_SEQ"  MINVALUE 1 MAXVALUE 99999999 INCREMENT BY 1 START WITH 1681 NOCACHE  NOORDER  NOCYCLE ;
--------------------------------------------------------
--  DDL for Sequence MC_INDEX_SEQ
--------------------------------------------------------

   CREATE SEQUENCE  "MC_INDEX_SEQ"  MINVALUE 1 MAXVALUE 99999999 INCREMENT BY 1 START WITH 84 NOCACHE  NOORDER  NOCYCLE ;
--------------------------------------------------------
--  DDL for Sequence MEMBER_INDEX_SEQ
--------------------------------------------------------

   CREATE SEQUENCE  "MEMBER_INDEX_SEQ"  MINVALUE 1 MAXVALUE 99999999 INCREMENT BY 1 START WITH 82 NOCACHE  NOORDER  NOCYCLE ;
--------------------------------------------------------
--  DDL for Sequence MENU_INDEX_SEQ
--------------------------------------------------------

   CREATE SEQUENCE  "MENU_INDEX_SEQ"  MINVALUE 1 MAXVALUE 99999999 INCREMENT BY 1 START WITH 164 NOCACHE  NOORDER  NOCYCLE ;
--------------------------------------------------------
--  DDL for Sequence NOTICE_INDEX_SEQ
--------------------------------------------------------

   CREATE SEQUENCE  "NOTICE_INDEX_SEQ"  MINVALUE 1 MAXVALUE 99999999 INCREMENT BY 1 START WITH 23 NOCACHE  NOORDER  NOCYCLE ;
--------------------------------------------------------
--  DDL for Sequence OG_INDEX_SEQ
--------------------------------------------------------

   CREATE SEQUENCE  "OG_INDEX_SEQ"  MINVALUE 1 MAXVALUE 99999999 INCREMENT BY 1 START WITH 2 NOCACHE  NOORDER  NOCYCLE ;
--------------------------------------------------------
--  DDL for Sequence OPTION_INDEX_SEQ
--------------------------------------------------------

   CREATE SEQUENCE  "OPTION_INDEX_SEQ"  MINVALUE 1 MAXVALUE 99999999 INCREMENT BY 1 START WITH 3 NOCACHE  NOORDER  NOCYCLE ;
--------------------------------------------------------
--  DDL for Sequence ORDERED_OPTION_SEQ
--------------------------------------------------------

   CREATE SEQUENCE  "ORDERED_OPTION_SEQ"  MINVALUE 1 MAXVALUE 99999999 INCREMENT BY 1 START WITH 1 NOCACHE  NOORDER  NOCYCLE ;
--------------------------------------------------------
--  DDL for Sequence REPLY_INDEX_SEQ
--------------------------------------------------------

   CREATE SEQUENCE  "REPLY_INDEX_SEQ"  MINVALUE 1 MAXVALUE 99999999 INCREMENT BY 1 START WITH 21 NOCACHE  NOORDER  NOCYCLE ;
--------------------------------------------------------
--  DDL for Sequence REVIEW_INDEX_SEQ
--------------------------------------------------------

   CREATE SEQUENCE  "REVIEW_INDEX_SEQ"  MINVALUE 1 MAXVALUE 99999999 INCREMENT BY 1 START WITH 21 NOCACHE  NOORDER  NOCYCLE ;
--------------------------------------------------------
--  DDL for Sequence RST_ID_SEQ
--------------------------------------------------------

   CREATE SEQUENCE  "RST_ID_SEQ"  MINVALUE 10000 MAXVALUE 99999 INCREMENT BY 1 START WITH 10120 NOCACHE  NOORDER  NOCYCLE ;
--------------------------------------------------------
--  DDL for Sequence SELECTED_OPTION_SEQ
--------------------------------------------------------

   CREATE SEQUENCE  "SELECTED_OPTION_SEQ"  MINVALUE 1 MAXVALUE 99999999 INCREMENT BY 1 START WITH 38 NOCACHE  NOORDER  NOCYCLE ;
--------------------------------------------------------
--  DDL for Table ADMINISTRATOR
--------------------------------------------------------

  CREATE TABLE "ADMINISTRATOR" 
   (	"ADMIN_ID" VARCHAR2(20 BYTE), 
	"PASSWORD" RAW(64), 
	"AUTHORITY" NUMBER
   ) SEGMENT CREATION IMMEDIATE 
  PCTFREE 10 PCTUSED 40 INITRANS 1 MAXTRANS 255 NOCOMPRESS LOGGING
  STORAGE(INITIAL 65536 NEXT 1048576 MINEXTENTS 1 MAXEXTENTS 2147483645
  PCTINCREASE 0 FREELISTS 1 FREELIST GROUPS 1 BUFFER_POOL DEFAULT FLASH_CACHE DEFAULT CELL_FLASH_CACHE DEFAULT)
  TABLESPACE "USERS" ;
 

   COMMENT ON COLUMN "ADMINISTRATOR"."ADMIN_ID" IS '관리자계정';
 
   COMMENT ON COLUMN "ADMINISTRATOR"."PASSWORD" IS '패스워드';
 
   COMMENT ON COLUMN "ADMINISTRATOR"."AUTHORITY" IS '관리권한(1:최고관리자, 2:공지담당, 3:이벤트담당, 4:FAQ담당 등)';
 
   COMMENT ON TABLE "ADMINISTRATOR"  IS '사이트관리자';
--------------------------------------------------------
--  DDL for Table CART
--------------------------------------------------------

  CREATE TABLE "CART" 
   (	"ORDERER" VARCHAR2(30 BYTE), 
	"MENU_ID" NUMBER, 
	"BUNDLE_ID" NUMBER, 
	"QUANTITY" NUMBER
   ) SEGMENT CREATION IMMEDIATE 
  PCTFREE 10 PCTUSED 40 INITRANS 1 MAXTRANS 255 NOCOMPRESS LOGGING
  STORAGE(INITIAL 65536 NEXT 1048576 MINEXTENTS 1 MAXEXTENTS 2147483645
  PCTINCREASE 0 FREELISTS 1 FREELIST GROUPS 1 BUFFER_POOL DEFAULT FLASH_CACHE DEFAULT CELL_FLASH_CACHE DEFAULT)
  TABLESPACE "USERS" ;
 

   COMMENT ON COLUMN "CART"."ORDERER" IS '주문자';
 
   COMMENT ON COLUMN "CART"."MENU_ID" IS '메뉴ID';
 
   COMMENT ON COLUMN "CART"."BUNDLE_ID" IS '옵션묶음ID';
 
   COMMENT ON COLUMN "CART"."QUANTITY" IS '수량';
--------------------------------------------------------
--  DDL for Table DELIVERY_ZONE
--------------------------------------------------------

  CREATE TABLE "DELIVERY_ZONE" 
   (	"ZONE_INDEX" NUMBER, 
	"RST_ID" NUMBER, 
	"SIDO" VARCHAR2(20 BYTE), 
	"SIGUNGU" VARCHAR2(20 BYTE), 
	"BNAME" VARCHAR2(20 BYTE)
   ) SEGMENT CREATION IMMEDIATE 
  PCTFREE 10 PCTUSED 40 INITRANS 1 MAXTRANS 255 NOCOMPRESS LOGGING
  STORAGE(INITIAL 65536 NEXT 1048576 MINEXTENTS 1 MAXEXTENTS 2147483645
  PCTINCREASE 0 FREELISTS 1 FREELIST GROUPS 1 BUFFER_POOL DEFAULT FLASH_CACHE DEFAULT CELL_FLASH_CACHE DEFAULT)
  TABLESPACE "USERS" ;
 

   COMMENT ON COLUMN "DELIVERY_ZONE"."ZONE_INDEX" IS '일련번호';
 
   COMMENT ON COLUMN "DELIVERY_ZONE"."RST_ID" IS '매장ID';
 
   COMMENT ON COLUMN "DELIVERY_ZONE"."SIDO" IS '시/도';
 
   COMMENT ON COLUMN "DELIVERY_ZONE"."SIGUNGU" IS '시/군/구';
 
   COMMENT ON COLUMN "DELIVERY_ZONE"."BNAME" IS '동/리';
 
   COMMENT ON TABLE "DELIVERY_ZONE"  IS '배달지역';
--------------------------------------------------------
--  DDL for Table FAVORITE_RESTAURANT
--------------------------------------------------------

  CREATE TABLE "FAVORITE_RESTAURANT" 
   (	"EMAIL" VARCHAR2(30 BYTE), 
	"RST_ID" NUMBER
   ) SEGMENT CREATION IMMEDIATE 
  PCTFREE 10 PCTUSED 40 INITRANS 1 MAXTRANS 255 NOCOMPRESS LOGGING
  STORAGE(INITIAL 65536 NEXT 1048576 MINEXTENTS 1 MAXEXTENTS 2147483645
  PCTINCREASE 0 FREELISTS 1 FREELIST GROUPS 1 BUFFER_POOL DEFAULT FLASH_CACHE DEFAULT CELL_FLASH_CACHE DEFAULT)
  TABLESPACE "USERS" ;
 

   COMMENT ON COLUMN "FAVORITE_RESTAURANT"."EMAIL" IS '회원이메일';
 
   COMMENT ON COLUMN "FAVORITE_RESTAURANT"."RST_ID" IS '매장ID';
 
   COMMENT ON TABLE "FAVORITE_RESTAURANT"  IS '찜한식당';
--------------------------------------------------------
--  DDL for Table MEMBER_INFO
--------------------------------------------------------

  CREATE TABLE "MEMBER_INFO" 
   (	"EMAIL" VARCHAR2(30 BYTE), 
	"PHONE" VARCHAR2(20 BYTE), 
	"NICKNAME" VARCHAR2(20 BYTE), 
	"MEMBERSHIP" VARCHAR2(20 BYTE) DEFAULT '프렌드', 
	"POINT" NUMBER DEFAULT 0, 
	"JOIN_DATE" DATE DEFAULT sysdate, 
	"WITHDRAW_DATE" DATE, 
	"RECEIVE_MARKETING" NUMBER(1,0)
   ) SEGMENT CREATION IMMEDIATE 
  PCTFREE 10 PCTUSED 40 INITRANS 1 MAXTRANS 255 NOCOMPRESS LOGGING
  STORAGE(INITIAL 65536 NEXT 1048576 MINEXTENTS 1 MAXEXTENTS 2147483645
  PCTINCREASE 0 FREELISTS 1 FREELIST GROUPS 1 BUFFER_POOL DEFAULT FLASH_CACHE DEFAULT CELL_FLASH_CACHE DEFAULT)
  TABLESPACE "USERS" ;
 

   COMMENT ON COLUMN "MEMBER_INFO"."EMAIL" IS '이메일';
 
   COMMENT ON COLUMN "MEMBER_INFO"."PHONE" IS '전화번호';
 
   COMMENT ON COLUMN "MEMBER_INFO"."NICKNAME" IS '닉네임';
 
   COMMENT ON COLUMN "MEMBER_INFO"."MEMBERSHIP" IS '회원등급';
 
   COMMENT ON COLUMN "MEMBER_INFO"."POINT" IS '포인트';
 
   COMMENT ON COLUMN "MEMBER_INFO"."JOIN_DATE" IS '회원가입일';
 
   COMMENT ON COLUMN "MEMBER_INFO"."WITHDRAW_DATE" IS '회원탈퇴일';
 
   COMMENT ON COLUMN "MEMBER_INFO"."RECEIVE_MARKETING" IS '마케팅정보수신여부(0:비동의, 1:동의)';
 
   COMMENT ON TABLE "MEMBER_INFO"  IS '회원정보';
--------------------------------------------------------
--  DDL for Table MEMBER_LOGIN
--------------------------------------------------------

  CREATE TABLE "MEMBER_LOGIN" 
   (	"EMAIL" VARCHAR2(30 BYTE), 
	"PASSWORD" RAW(64)
   ) SEGMENT CREATION IMMEDIATE 
  PCTFREE 10 PCTUSED 40 INITRANS 1 MAXTRANS 255 NOCOMPRESS LOGGING
  STORAGE(INITIAL 65536 NEXT 1048576 MINEXTENTS 1 MAXEXTENTS 2147483645
  PCTINCREASE 0 FREELISTS 1 FREELIST GROUPS 1 BUFFER_POOL DEFAULT FLASH_CACHE DEFAULT CELL_FLASH_CACHE DEFAULT)
  TABLESPACE "USERS" ;
 

   COMMENT ON COLUMN "MEMBER_LOGIN"."EMAIL" IS '이메일';
 
   COMMENT ON COLUMN "MEMBER_LOGIN"."PASSWORD" IS '패스워드';
 
   COMMENT ON TABLE "MEMBER_LOGIN"  IS '회원로그인';
--------------------------------------------------------
--  DDL for Table MENU
--------------------------------------------------------

  CREATE TABLE "MENU" 
   (	"MENU_ID" NUMBER, 
	"CATEGORY_ID" NUMBER, 
	"MENU_NAME" VARCHAR2(30 BYTE), 
	"MENU_INFO" VARCHAR2(100 BYTE), 
	"MENU_PHOTO" VARCHAR2(300 BYTE), 
	"PRICE" NUMBER, 
	"ENABLE" NUMBER(1,0)
   ) SEGMENT CREATION IMMEDIATE 
  PCTFREE 10 PCTUSED 40 INITRANS 1 MAXTRANS 255 NOCOMPRESS LOGGING
  STORAGE(INITIAL 65536 NEXT 1048576 MINEXTENTS 1 MAXEXTENTS 2147483645
  PCTINCREASE 0 FREELISTS 1 FREELIST GROUPS 1 BUFFER_POOL DEFAULT FLASH_CACHE DEFAULT CELL_FLASH_CACHE DEFAULT)
  TABLESPACE "USERS" ;
 

   COMMENT ON COLUMN "MENU"."MENU_ID" IS '메뉴ID';
 
   COMMENT ON COLUMN "MENU"."CATEGORY_ID" IS '메뉴분류ID';
 
   COMMENT ON COLUMN "MENU"."MENU_NAME" IS '메뉴명';
 
   COMMENT ON COLUMN "MENU"."MENU_INFO" IS '메뉴설명';
 
   COMMENT ON COLUMN "MENU"."MENU_PHOTO" IS '메뉴사진';
 
   COMMENT ON COLUMN "MENU"."PRICE" IS '가격';
 
   COMMENT ON COLUMN "MENU"."ENABLE" IS '활성화여부(0:품절, 1:주문가능)';
 
   COMMENT ON TABLE "MENU"  IS '메뉴정보';
--------------------------------------------------------
--  DDL for Table MENU_CATEGORY
--------------------------------------------------------

  CREATE TABLE "MENU_CATEGORY" 
   (	"CATEGORY_ID" NUMBER, 
	"CATEGORY_NAME" VARCHAR2(30 BYTE), 
	"RST_ID" NUMBER
   ) SEGMENT CREATION IMMEDIATE 
  PCTFREE 10 PCTUSED 40 INITRANS 1 MAXTRANS 255 NOCOMPRESS LOGGING
  STORAGE(INITIAL 65536 NEXT 1048576 MINEXTENTS 1 MAXEXTENTS 2147483645
  PCTINCREASE 0 FREELISTS 1 FREELIST GROUPS 1 BUFFER_POOL DEFAULT FLASH_CACHE DEFAULT CELL_FLASH_CACHE DEFAULT)
  TABLESPACE "USERS" ;
 

   COMMENT ON COLUMN "MENU_CATEGORY"."CATEGORY_ID" IS '메뉴분류ID';
 
   COMMENT ON COLUMN "MENU_CATEGORY"."CATEGORY_NAME" IS '분류명';
 
   COMMENT ON COLUMN "MENU_CATEGORY"."RST_ID" IS '매장ID';
 
   COMMENT ON TABLE "MENU_CATEGORY"  IS '메뉴분류';
--------------------------------------------------------
--  DDL for Table MENU_OPTION
--------------------------------------------------------

  CREATE TABLE "MENU_OPTION" 
   (	"MENU_ID" NUMBER, 
	"GROUP_ID" NUMBER
   ) SEGMENT CREATION IMMEDIATE 
  PCTFREE 10 PCTUSED 40 INITRANS 1 MAXTRANS 255 NOCOMPRESS LOGGING
  STORAGE(INITIAL 65536 NEXT 1048576 MINEXTENTS 1 MAXEXTENTS 2147483645
  PCTINCREASE 0 FREELISTS 1 FREELIST GROUPS 1 BUFFER_POOL DEFAULT FLASH_CACHE DEFAULT CELL_FLASH_CACHE DEFAULT)
  TABLESPACE "USERS" ;
 

   COMMENT ON COLUMN "MENU_OPTION"."MENU_ID" IS '메뉴ID';
 
   COMMENT ON COLUMN "MENU_OPTION"."GROUP_ID" IS '그룹ID';
 
   COMMENT ON TABLE "MENU_OPTION"  IS '메뉴_옵션';
--------------------------------------------------------
--  DDL for Table NONMEMBER
--------------------------------------------------------

  CREATE TABLE "NONMEMBER" 
   (	"PHONE" VARCHAR2(30 BYTE), 
	"PASSWORD" RAW(64)
   ) SEGMENT CREATION IMMEDIATE 
  PCTFREE 10 PCTUSED 40 INITRANS 1 MAXTRANS 255 NOCOMPRESS LOGGING
  STORAGE(INITIAL 65536 NEXT 1048576 MINEXTENTS 1 MAXEXTENTS 2147483645
  PCTINCREASE 0 FREELISTS 1 FREELIST GROUPS 1 BUFFER_POOL DEFAULT FLASH_CACHE DEFAULT CELL_FLASH_CACHE DEFAULT)
  TABLESPACE "USERS" ;
 

   COMMENT ON COLUMN "NONMEMBER"."PHONE" IS '전화번호';
 
   COMMENT ON COLUMN "NONMEMBER"."PASSWORD" IS '비밀번호';
 
   COMMENT ON TABLE "NONMEMBER"  IS '비회원정보';
--------------------------------------------------------
--  DDL for Table NOTICE
--------------------------------------------------------

  CREATE TABLE "NOTICE" 
   (	"NOTICE_NUMBER" NUMBER, 
	"WRITER" VARCHAR2(20 BYTE), 
	"REGIST_DATE" DATE, 
	"TITLE" VARCHAR2(100 BYTE), 
	"CONTENT" VARCHAR2(4000 BYTE), 
	"CATEGORY" NUMBER, 
	"FILENAME" VARCHAR2(300 BYTE)
   ) SEGMENT CREATION IMMEDIATE 
  PCTFREE 10 PCTUSED 40 INITRANS 1 MAXTRANS 255 NOCOMPRESS LOGGING
  STORAGE(INITIAL 65536 NEXT 1048576 MINEXTENTS 1 MAXEXTENTS 2147483645
  PCTINCREASE 0 FREELISTS 1 FREELIST GROUPS 1 BUFFER_POOL DEFAULT FLASH_CACHE DEFAULT CELL_FLASH_CACHE DEFAULT)
  TABLESPACE "USERS" ;
--------------------------------------------------------
--  DDL for Table OPTION_GROUP
--------------------------------------------------------

  CREATE TABLE "OPTION_GROUP" 
   (	"GROUP_ID" NUMBER, 
	"RST_ID" NUMBER, 
	"GROUP_NAME" VARCHAR2(50 BYTE), 
	"ESSENTIAL" NUMBER(1,0)
   ) SEGMENT CREATION IMMEDIATE 
  PCTFREE 10 PCTUSED 40 INITRANS 1 MAXTRANS 255 NOCOMPRESS LOGGING
  STORAGE(INITIAL 65536 NEXT 1048576 MINEXTENTS 1 MAXEXTENTS 2147483645
  PCTINCREASE 0 FREELISTS 1 FREELIST GROUPS 1 BUFFER_POOL DEFAULT FLASH_CACHE DEFAULT CELL_FLASH_CACHE DEFAULT)
  TABLESPACE "USERS" ;
 

   COMMENT ON COLUMN "OPTION_GROUP"."GROUP_ID" IS '그룹ID';
 
   COMMENT ON COLUMN "OPTION_GROUP"."RST_ID" IS '매장ID';
 
   COMMENT ON COLUMN "OPTION_GROUP"."GROUP_NAME" IS '그룹명';
 
   COMMENT ON COLUMN "OPTION_GROUP"."ESSENTIAL" IS '필수선택여부';
 
   COMMENT ON TABLE "OPTION_GROUP"  IS '옵션그룹';
--------------------------------------------------------
--  DDL for Table OPTION_INFO
--------------------------------------------------------

  CREATE TABLE "OPTION_INFO" 
   (	"OPTION_ID" NUMBER, 
	"GROUP_ID" NUMBER, 
	"OPTION_NAME" VARCHAR2(30 BYTE), 
	"PRICE" NUMBER, 
	"ENABLE" NUMBER(1,0)
   ) SEGMENT CREATION IMMEDIATE 
  PCTFREE 10 PCTUSED 40 INITRANS 1 MAXTRANS 255 NOCOMPRESS LOGGING
  STORAGE(INITIAL 65536 NEXT 1048576 MINEXTENTS 1 MAXEXTENTS 2147483645
  PCTINCREASE 0 FREELISTS 1 FREELIST GROUPS 1 BUFFER_POOL DEFAULT FLASH_CACHE DEFAULT CELL_FLASH_CACHE DEFAULT)
  TABLESPACE "USERS" ;
 

   COMMENT ON COLUMN "OPTION_INFO"."OPTION_ID" IS '옵션ID';
 
   COMMENT ON COLUMN "OPTION_INFO"."GROUP_ID" IS '그룹ID';
 
   COMMENT ON COLUMN "OPTION_INFO"."OPTION_NAME" IS '옵션명';
 
   COMMENT ON COLUMN "OPTION_INFO"."PRICE" IS '가격';
 
   COMMENT ON COLUMN "OPTION_INFO"."ENABLE" IS '활성화여부(0:품절, 1:주문가능)';
 
   COMMENT ON TABLE "OPTION_INFO"  IS '옵션정보';
--------------------------------------------------------
--  DDL for Table ORDERED_OPTION
--------------------------------------------------------

  CREATE TABLE "ORDERED_OPTION" 
   (	"BUNDLE_ID" NUMBER, 
	"OPTION_ID" NUMBER
   ) SEGMENT CREATION IMMEDIATE 
  PCTFREE 10 PCTUSED 40 INITRANS 1 MAXTRANS 255 NOCOMPRESS LOGGING
  STORAGE(INITIAL 65536 NEXT 1048576 MINEXTENTS 1 MAXEXTENTS 2147483645
  PCTINCREASE 0 FREELISTS 1 FREELIST GROUPS 1 BUFFER_POOL DEFAULT FLASH_CACHE DEFAULT CELL_FLASH_CACHE DEFAULT)
  TABLESPACE "USERS" ;
 

   COMMENT ON COLUMN "ORDERED_OPTION"."BUNDLE_ID" IS '옵션묶음ID';
 
   COMMENT ON COLUMN "ORDERED_OPTION"."OPTION_ID" IS '옵션ID';
--------------------------------------------------------
--  DDL for Table ORDER_DETAIL
--------------------------------------------------------

  CREATE TABLE "ORDER_DETAIL" 
   (	"ORDER_NUMBER" VARCHAR2(30 BYTE), 
	"MENU_ID" NUMBER, 
	"BUNDLE_ID" NUMBER, 
	"QUANTITY" NUMBER
   ) SEGMENT CREATION IMMEDIATE 
  PCTFREE 10 PCTUSED 40 INITRANS 1 MAXTRANS 255 NOCOMPRESS LOGGING
  STORAGE(INITIAL 65536 NEXT 1048576 MINEXTENTS 1 MAXEXTENTS 2147483645
  PCTINCREASE 0 FREELISTS 1 FREELIST GROUPS 1 BUFFER_POOL DEFAULT FLASH_CACHE DEFAULT CELL_FLASH_CACHE DEFAULT)
  TABLESPACE "USERS" ;
 

   COMMENT ON COLUMN "ORDER_DETAIL"."ORDER_NUMBER" IS '주문번호';
 
   COMMENT ON COLUMN "ORDER_DETAIL"."MENU_ID" IS '메뉴ID';
 
   COMMENT ON COLUMN "ORDER_DETAIL"."BUNDLE_ID" IS '옵션묶음ID';
 
   COMMENT ON COLUMN "ORDER_DETAIL"."QUANTITY" IS '수량';
 
   COMMENT ON TABLE "ORDER_DETAIL"  IS '주문상세';
--------------------------------------------------------
--  DDL for Table ORDER_HISTORY
--------------------------------------------------------

  CREATE TABLE "ORDER_HISTORY" 
   (	"ORDER_NUMBER" VARCHAR2(30 BYTE), 
	"ORDERER" VARCHAR2(30 BYTE), 
	"DESTINATION" VARCHAR2(4000 BYTE), 
	"COUPON_ID" VARCHAR2(20 BYTE), 
	"USED_POINT" NUMBER, 
	"PAYMENT_METHOD" VARCHAR2(100 BYTE), 
	"PAY_DATE" TIMESTAMP (6) DEFAULT SYSTIMESTAMP, 
	"ORDER_REQUEST" VARCHAR2(100 BYTE), 
	"ORDER_STATUS" NUMBER(1,0), 
	"REASON_CANCELLATION" VARCHAR2(200 BYTE)
   ) SEGMENT CREATION IMMEDIATE 
  PCTFREE 10 PCTUSED 40 INITRANS 1 MAXTRANS 255 NOCOMPRESS LOGGING
  STORAGE(INITIAL 65536 NEXT 1048576 MINEXTENTS 1 MAXEXTENTS 2147483645
  PCTINCREASE 0 FREELISTS 1 FREELIST GROUPS 1 BUFFER_POOL DEFAULT FLASH_CACHE DEFAULT CELL_FLASH_CACHE DEFAULT)
  TABLESPACE "USERS" ;
 

   COMMENT ON COLUMN "ORDER_HISTORY"."ORDER_NUMBER" IS '주문번호';
 
   COMMENT ON COLUMN "ORDER_HISTORY"."ORDERER" IS '주문자';
 
   COMMENT ON COLUMN "ORDER_HISTORY"."DESTINATION" IS '배송지';
 
   COMMENT ON COLUMN "ORDER_HISTORY"."COUPON_ID" IS '쿠폰번호';
 
   COMMENT ON COLUMN "ORDER_HISTORY"."USED_POINT" IS '사용포인트';
 
   COMMENT ON COLUMN "ORDER_HISTORY"."PAYMENT_METHOD" IS '결제수단';
 
   COMMENT ON COLUMN "ORDER_HISTORY"."PAY_DATE" IS '결제일자';
 
   COMMENT ON COLUMN "ORDER_HISTORY"."ORDER_REQUEST" IS '요청사항';
 
   COMMENT ON COLUMN "ORDER_HISTORY"."ORDER_STATUS" IS '주문상태(0:주문취소, 1:주문대기, 2:주문접수)';
 
   COMMENT ON COLUMN "ORDER_HISTORY"."REASON_CANCELLATION" IS '결제취소사유';
 
   COMMENT ON TABLE "ORDER_HISTORY"  IS '주문내역';
--------------------------------------------------------
--  DDL for Table OWNED_COUPON
--------------------------------------------------------

  CREATE TABLE "OWNED_COUPON" 
   (	"COUPON_ID" VARCHAR2(20 BYTE), 
	"OWNER_ID" VARCHAR2(30 BYTE), 
	"AVAILABLE_COUNT" NUMBER
   ) SEGMENT CREATION IMMEDIATE 
  PCTFREE 10 PCTUSED 40 INITRANS 1 MAXTRANS 255 NOCOMPRESS LOGGING
  STORAGE(INITIAL 65536 NEXT 1048576 MINEXTENTS 1 MAXEXTENTS 2147483645
  PCTINCREASE 0 FREELISTS 1 FREELIST GROUPS 1 BUFFER_POOL DEFAULT FLASH_CACHE DEFAULT CELL_FLASH_CACHE DEFAULT)
  TABLESPACE "USERS" ;
 

   COMMENT ON COLUMN "OWNED_COUPON"."COUPON_ID" IS '쿠폰번호';
 
   COMMENT ON COLUMN "OWNED_COUPON"."OWNER_ID" IS '보유자';
 
   COMMENT ON COLUMN "OWNED_COUPON"."AVAILABLE_COUNT" IS '사용가능횟수';
 
   COMMENT ON TABLE "OWNED_COUPON"  IS '보유쿠폰';
--------------------------------------------------------
--  DDL for Table REPLY
--------------------------------------------------------

  CREATE TABLE "REPLY" 
   (	"REPLY_NUMBER" NUMBER, 
	"REVIEW_NUMBER" NUMBER, 
	"REGIST_DATE" DATE DEFAULT sysdate, 
	"CONTENT" VARCHAR2(4000 BYTE)
   ) SEGMENT CREATION IMMEDIATE 
  PCTFREE 10 PCTUSED 40 INITRANS 1 MAXTRANS 255 NOCOMPRESS LOGGING
  STORAGE(INITIAL 65536 NEXT 1048576 MINEXTENTS 1 MAXEXTENTS 2147483645
  PCTINCREASE 0 FREELISTS 1 FREELIST GROUPS 1 BUFFER_POOL DEFAULT FLASH_CACHE DEFAULT CELL_FLASH_CACHE DEFAULT)
  TABLESPACE "USERS" ;
 

   COMMENT ON COLUMN "REPLY"."REPLY_NUMBER" IS '댓글번호';
 
   COMMENT ON COLUMN "REPLY"."REVIEW_NUMBER" IS '리뷰글번호';
 
   COMMENT ON COLUMN "REPLY"."REGIST_DATE" IS '작성날짜';
 
   COMMENT ON COLUMN "REPLY"."CONTENT" IS '내용';
 
   COMMENT ON TABLE "REPLY"  IS '사장님댓글';
--------------------------------------------------------
--  DDL for Table RESTAURANT
--------------------------------------------------------

  CREATE TABLE "RESTAURANT" 
   (	"RST_ID" NUMBER, 
	"CATEGORY_ID" NUMBER, 
	"RST_NAME" VARCHAR2(30 BYTE), 
	"PHONE" VARCHAR2(20 BYTE), 
	"ADDRESS" VARCHAR2(4000 BYTE), 
	"MIN_ORDER" NUMBER, 
	"ORIGIN" VARCHAR2(4000 BYTE), 
	"HOURS" VARCHAR2(30 BYTE), 
	"BUSSINESS_NUMBER" VARCHAR2(20 BYTE), 
	"BUSSINESS_NAME" VARCHAR2(20 BYTE), 
	"PAYMENTS" VARCHAR2(60 BYTE), 
	"DELIVERY_TIP" NUMBER, 
	"RST_NOTICE" VARCHAR2(4000 BYTE), 
	"ESTIMATED_TIME" VARCHAR2(30 BYTE), 
	"RST_PHOTO" VARCHAR2(300 BYTE), 
	"RST_LOGO" VARCHAR2(300 BYTE), 
	"ENABLE" NUMBER(1,0)
   ) SEGMENT CREATION IMMEDIATE 
  PCTFREE 10 PCTUSED 40 INITRANS 1 MAXTRANS 255 NOCOMPRESS LOGGING
  STORAGE(INITIAL 65536 NEXT 1048576 MINEXTENTS 1 MAXEXTENTS 2147483645
  PCTINCREASE 0 FREELISTS 1 FREELIST GROUPS 1 BUFFER_POOL DEFAULT FLASH_CACHE DEFAULT CELL_FLASH_CACHE DEFAULT)
  TABLESPACE "USERS" ;
 

   COMMENT ON COLUMN "RESTAURANT"."RST_ID" IS '매장ID';
 
   COMMENT ON COLUMN "RESTAURANT"."CATEGORY_ID" IS '매장분류ID';
 
   COMMENT ON COLUMN "RESTAURANT"."RST_NAME" IS '매장명';
 
   COMMENT ON COLUMN "RESTAURANT"."PHONE" IS '전화번호';
 
   COMMENT ON COLUMN "RESTAURANT"."ADDRESS" IS '주소';
 
   COMMENT ON COLUMN "RESTAURANT"."MIN_ORDER" IS '최소주문금액';
 
   COMMENT ON COLUMN "RESTAURANT"."ORIGIN" IS '원산지정보';
 
   COMMENT ON COLUMN "RESTAURANT"."HOURS" IS '영업시간';
 
   COMMENT ON COLUMN "RESTAURANT"."BUSSINESS_NUMBER" IS '사업자등록번호';
 
   COMMENT ON COLUMN "RESTAURANT"."BUSSINESS_NAME" IS '상호명';
 
   COMMENT ON COLUMN "RESTAURANT"."PAYMENTS" IS '결제수단';
 
   COMMENT ON COLUMN "RESTAURANT"."DELIVERY_TIP" IS '배달팁';
 
   COMMENT ON COLUMN "RESTAURANT"."RST_NOTICE" IS '매장공지';
 
   COMMENT ON COLUMN "RESTAURANT"."ESTIMATED_TIME" IS '배달예상시간';
 
   COMMENT ON COLUMN "RESTAURANT"."RST_PHOTO" IS '대표사진';
 
   COMMENT ON COLUMN "RESTAURANT"."RST_LOGO" IS '매장로고';
 
   COMMENT ON COLUMN "RESTAURANT"."ENABLE" IS '활성화여부(-1:등록대기, 0:준비중, 1:주문가능)';
 
   COMMENT ON TABLE "RESTAURANT"  IS '매장정보';
--------------------------------------------------------
--  DDL for Table RESTAURANT_CATEGORY
--------------------------------------------------------

  CREATE TABLE "RESTAURANT_CATEGORY" 
   (	"CATEGORY_ID" NUMBER, 
	"CATEGORY_NAME" VARCHAR2(30 BYTE), 
	"CATEGORY_ICON" VARCHAR2(300 BYTE)
   ) SEGMENT CREATION IMMEDIATE 
  PCTFREE 10 PCTUSED 40 INITRANS 1 MAXTRANS 255 NOCOMPRESS LOGGING
  STORAGE(INITIAL 65536 NEXT 1048576 MINEXTENTS 1 MAXEXTENTS 2147483645
  PCTINCREASE 0 FREELISTS 1 FREELIST GROUPS 1 BUFFER_POOL DEFAULT FLASH_CACHE DEFAULT CELL_FLASH_CACHE DEFAULT)
  TABLESPACE "USERS" ;
 

   COMMENT ON COLUMN "RESTAURANT_CATEGORY"."CATEGORY_ID" IS '매장분류ID';
 
   COMMENT ON COLUMN "RESTAURANT_CATEGORY"."CATEGORY_NAME" IS '분류명';
 
   COMMENT ON COLUMN "RESTAURANT_CATEGORY"."CATEGORY_ICON" IS '아이콘';
 
   COMMENT ON TABLE "RESTAURANT_CATEGORY"  IS '매장분류';
--------------------------------------------------------
--  DDL for Table RESTAURANT_MANAGER
--------------------------------------------------------

  CREATE TABLE "RESTAURANT_MANAGER" 
   (	"RST_ID" NUMBER, 
	"PASSWORD" RAW(64), 
	"PHONE" VARCHAR2(20 BYTE)
   ) SEGMENT CREATION IMMEDIATE 
  PCTFREE 10 PCTUSED 40 INITRANS 1 MAXTRANS 255 NOCOMPRESS LOGGING
  STORAGE(INITIAL 65536 NEXT 1048576 MINEXTENTS 1 MAXEXTENTS 2147483645
  PCTINCREASE 0 FREELISTS 1 FREELIST GROUPS 1 BUFFER_POOL DEFAULT FLASH_CACHE DEFAULT CELL_FLASH_CACHE DEFAULT)
  TABLESPACE "USERS" ;
 

   COMMENT ON COLUMN "RESTAURANT_MANAGER"."RST_ID" IS '매장ID';
 
   COMMENT ON COLUMN "RESTAURANT_MANAGER"."PASSWORD" IS '패스워드';
 
   COMMENT ON COLUMN "RESTAURANT_MANAGER"."PHONE" IS '연락처';
 
   COMMENT ON TABLE "RESTAURANT_MANAGER"  IS '사장님정보';
--------------------------------------------------------
--  DDL for Table REVIEW
--------------------------------------------------------

  CREATE TABLE "REVIEW" 
   (	"REVIEW_NUMBER" NUMBER, 
	"ORDER_NUMBER" VARCHAR2(30 BYTE), 
	"REGIST_DATE" DATE DEFAULT sysdate, 
	"CONTENT" VARCHAR2(4000 BYTE), 
	"PHOTO1" VARCHAR2(300 BYTE), 
	"PHOTO2" VARCHAR2(300 BYTE), 
	"PHOTO3" VARCHAR2(300 BYTE), 
	"PHOTO4" VARCHAR2(300 BYTE), 
	"PHOTO5" VARCHAR2(300 BYTE), 
	"RATING" NUMBER
   ) SEGMENT CREATION IMMEDIATE 
  PCTFREE 10 PCTUSED 40 INITRANS 1 MAXTRANS 255 NOCOMPRESS LOGGING
  STORAGE(INITIAL 65536 NEXT 1048576 MINEXTENTS 1 MAXEXTENTS 2147483645
  PCTINCREASE 0 FREELISTS 1 FREELIST GROUPS 1 BUFFER_POOL DEFAULT FLASH_CACHE DEFAULT CELL_FLASH_CACHE DEFAULT)
  TABLESPACE "USERS" ;
 

   COMMENT ON COLUMN "REVIEW"."REVIEW_NUMBER" IS '글번호';
 
   COMMENT ON COLUMN "REVIEW"."ORDER_NUMBER" IS '주문번호';
 
   COMMENT ON COLUMN "REVIEW"."REGIST_DATE" IS '작성날짜';
 
   COMMENT ON COLUMN "REVIEW"."CONTENT" IS '내용';
 
   COMMENT ON COLUMN "REVIEW"."PHOTO1" IS '사진1';
 
   COMMENT ON COLUMN "REVIEW"."PHOTO2" IS '사진2';
 
   COMMENT ON COLUMN "REVIEW"."PHOTO3" IS '사진3';
 
   COMMENT ON COLUMN "REVIEW"."PHOTO4" IS '사진4';
 
   COMMENT ON COLUMN "REVIEW"."PHOTO5" IS '사진5';
 
   COMMENT ON COLUMN "REVIEW"."RATING" IS '평점(1~5)';
 
   COMMENT ON TABLE "REVIEW"  IS '리뷰';
--------------------------------------------------------
--  DDL for Table REVIEW_LIKE
--------------------------------------------------------

  CREATE TABLE "REVIEW_LIKE" 
   (	"REVIEW_NUMBER" NUMBER, 
	"EMAIL" VARCHAR2(30 BYTE)
   ) SEGMENT CREATION IMMEDIATE 
  PCTFREE 10 PCTUSED 40 INITRANS 1 MAXTRANS 255 NOCOMPRESS LOGGING
  STORAGE(INITIAL 65536 NEXT 1048576 MINEXTENTS 1 MAXEXTENTS 2147483645
  PCTINCREASE 0 FREELISTS 1 FREELIST GROUPS 1 BUFFER_POOL DEFAULT FLASH_CACHE DEFAULT CELL_FLASH_CACHE DEFAULT)
  TABLESPACE "USERS" ;
 

   COMMENT ON COLUMN "REVIEW_LIKE"."REVIEW_NUMBER" IS '글번호';
 
   COMMENT ON COLUMN "REVIEW_LIKE"."EMAIL" IS '회원이메일';
 
   COMMENT ON TABLE "REVIEW_LIKE"  IS '리뷰좋아요';
--------------------------------------------------------
--  DDL for Table SELECTED_OPTION
--------------------------------------------------------

  CREATE TABLE "SELECTED_OPTION" 
   (	"BUNDLE_ID" NUMBER, 
	"OPTION_ID" NUMBER
   ) SEGMENT CREATION IMMEDIATE 
  PCTFREE 10 PCTUSED 40 INITRANS 1 MAXTRANS 255 NOCOMPRESS LOGGING
  STORAGE(INITIAL 65536 NEXT 1048576 MINEXTENTS 1 MAXEXTENTS 2147483645
  PCTINCREASE 0 FREELISTS 1 FREELIST GROUPS 1 BUFFER_POOL DEFAULT FLASH_CACHE DEFAULT CELL_FLASH_CACHE DEFAULT)
  TABLESPACE "USERS" ;
 

   COMMENT ON COLUMN "SELECTED_OPTION"."BUNDLE_ID" IS '옵션묶음ID';
 
   COMMENT ON COLUMN "SELECTED_OPTION"."OPTION_ID" IS '옵션ID';
--------------------------------------------------------
--  DDL for Table VALID_COUPON
--------------------------------------------------------

  CREATE TABLE "VALID_COUPON" 
   (	"COUPON_ID" VARCHAR2(20 BYTE), 
	"COUPON_NAME" VARCHAR2(30 BYTE), 
	"COUPON_INFO" VARCHAR2(100 BYTE), 
	"AVAILABLE_PRICE" NUMBER, 
	"DISCOUNT_AMOUNT" NUMBER, 
	"EXPIRATION_DATE" DATE
   ) SEGMENT CREATION IMMEDIATE 
  PCTFREE 10 PCTUSED 40 INITRANS 1 MAXTRANS 255 NOCOMPRESS LOGGING
  STORAGE(INITIAL 65536 NEXT 1048576 MINEXTENTS 1 MAXEXTENTS 2147483645
  PCTINCREASE 0 FREELISTS 1 FREELIST GROUPS 1 BUFFER_POOL DEFAULT FLASH_CACHE DEFAULT CELL_FLASH_CACHE DEFAULT)
  TABLESPACE "USERS" ;
 

   COMMENT ON COLUMN "VALID_COUPON"."COUPON_ID" IS '쿠폰번호';
 
   COMMENT ON COLUMN "VALID_COUPON"."COUPON_NAME" IS '쿠폰명';
 
   COMMENT ON COLUMN "VALID_COUPON"."COUPON_INFO" IS '쿠폰설명';
 
   COMMENT ON COLUMN "VALID_COUPON"."AVAILABLE_PRICE" IS '사용가능최소금액';
 
   COMMENT ON COLUMN "VALID_COUPON"."DISCOUNT_AMOUNT" IS '할인금액';
 
   COMMENT ON COLUMN "VALID_COUPON"."EXPIRATION_DATE" IS '유효기간';
 
   COMMENT ON TABLE "VALID_COUPON"  IS '유효쿠폰';
--------------------------------------------------------
--  DDL for Table WITHDRAW_MEMBER
--------------------------------------------------------

  CREATE TABLE "WITHDRAW_MEMBER" 
   (	"INDEX_NUMBER" NUMBER, 
	"EMAIL" VARCHAR2(30 BYTE), 
	"WITHDRAW_DATE" DATE, 
	"REASON_WITHDRAW" VARCHAR2(300 BYTE)
   ) SEGMENT CREATION IMMEDIATE 
  PCTFREE 10 PCTUSED 40 INITRANS 1 MAXTRANS 255 NOCOMPRESS LOGGING
  STORAGE(INITIAL 65536 NEXT 1048576 MINEXTENTS 1 MAXEXTENTS 2147483645
  PCTINCREASE 0 FREELISTS 1 FREELIST GROUPS 1 BUFFER_POOL DEFAULT FLASH_CACHE DEFAULT CELL_FLASH_CACHE DEFAULT)
  TABLESPACE "USERS" ;
 

   COMMENT ON COLUMN "WITHDRAW_MEMBER"."INDEX_NUMBER" IS '일련번호';
 
   COMMENT ON COLUMN "WITHDRAW_MEMBER"."EMAIL" IS '이메일';
 
   COMMENT ON COLUMN "WITHDRAW_MEMBER"."WITHDRAW_DATE" IS '회원탈퇴일';
 
   COMMENT ON COLUMN "WITHDRAW_MEMBER"."REASON_WITHDRAW" IS '탈퇴사유';
 
   COMMENT ON TABLE "WITHDRAW_MEMBER"  IS '탈퇴회원';
--------------------------------------------------------
--  DDL for View V_REVIEW_TO_RST
--------------------------------------------------------

  CREATE OR REPLACE FORCE VIEW "V_REVIEW_TO_RST" ("REVIEW_NUMBER", "RST_ID", "RATING") AS 
  (
        SELECT DISTINCT RV.REVIEW_NUMBER, RST.RST_ID, RV.RATING
        FROM REVIEW RV, ORDER_HISTORY OH, ORDER_DETAIL OD, MENU, MENU_CATEGORY MC, RESTAURANT RST
        WHERE RV.ORDER_NUMBER(+)=OH.ORDER_NUMBER AND OH.ORDER_NUMBER(+)=OD.ORDER_NUMBER AND OD.MENU_ID(+)=MENU.MENU_ID AND MENU.CATEGORY_ID(+)=MC.CATEGORY_ID AND MC.RST_ID(+)=RST.RST_ID
    )
;
--------------------------------------------------------
--  DDL for View V_RST_RATING
--------------------------------------------------------

  CREATE OR REPLACE FORCE VIEW "V_RST_RATING" ("RST_ID", "AVG_RATING") AS 
  (
        SELECT RST_ID, NVL(ROUND(AVG(RATING), 1), 0) AVG_RATING 
        FROM V_REVIEW_TO_RST 
        GROUP BY RST_ID
    )
;
--------------------------------------------------------
--  DDL for View V_RST_REVIEW_COUNT
--------------------------------------------------------

  CREATE OR REPLACE FORCE VIEW "V_RST_REVIEW_COUNT" ("RST_ID", "REVIEW_COUNT") AS 
  (
        SELECT A.RST_ID, (COUNT(*)-(SELECT COUNT(*) FROM V_REVIEW_TO_RST B WHERE REVIEW_NUMBER IS NULL AND B.RST_ID = A.RST_ID)) REVIEW_COUNT
        FROM V_REVIEW_TO_RST A
        GROUP BY RST_ID
        )
;
REM INSERTING into ADMINISTRATOR
SET DEFINE OFF;
Insert into ADMINISTRATOR (ADMIN_ID,PASSWORD,AUTHORITY) values ('admin1','7D868F432BFC5349F0FE245629736FBD',1);
REM INSERTING into CART
SET DEFINE OFF;
Insert into CART (ORDERER,MENU_ID,BUNDLE_ID,QUANTITY) values ('test@test.com',1,null,1);
Insert into CART (ORDERER,MENU_ID,BUNDLE_ID,QUANTITY) values ('test1@test.com',14,null,1);
Insert into CART (ORDERER,MENU_ID,BUNDLE_ID,QUANTITY) values ('test1@test.com',15,null,1);
REM INSERTING into DELIVERY_ZONE
SET DEFINE OFF;
Insert into DELIVERY_ZONE (ZONE_INDEX,RST_ID,SIDO,SIGUNGU,BNAME) values (1,10000,'서울','강남구','역삼동');
Insert into DELIVERY_ZONE (ZONE_INDEX,RST_ID,SIDO,SIGUNGU,BNAME) values (2,10001,'서울','강남구','역삼동');
Insert into DELIVERY_ZONE (ZONE_INDEX,RST_ID,SIDO,SIGUNGU,BNAME) values (3,10002,'서울','강남구','역삼동');
Insert into DELIVERY_ZONE (ZONE_INDEX,RST_ID,SIDO,SIGUNGU,BNAME) values (4,10003,'서울','강남구','역삼동');
Insert into DELIVERY_ZONE (ZONE_INDEX,RST_ID,SIDO,SIGUNGU,BNAME) values (5,10004,'서울','강남구','역삼동');
Insert into DELIVERY_ZONE (ZONE_INDEX,RST_ID,SIDO,SIGUNGU,BNAME) values (6,10005,'서울','강남구','역삼동');
Insert into DELIVERY_ZONE (ZONE_INDEX,RST_ID,SIDO,SIGUNGU,BNAME) values (7,10006,'서울','강남구','역삼동');
Insert into DELIVERY_ZONE (ZONE_INDEX,RST_ID,SIDO,SIGUNGU,BNAME) values (8,10007,'서울','강남구','역삼동');
Insert into DELIVERY_ZONE (ZONE_INDEX,RST_ID,SIDO,SIGUNGU,BNAME) values (9,10008,'서울','강남구','역삼동');
Insert into DELIVERY_ZONE (ZONE_INDEX,RST_ID,SIDO,SIGUNGU,BNAME) values (10,10009,'서울','강남구','역삼동');
Insert into DELIVERY_ZONE (ZONE_INDEX,RST_ID,SIDO,SIGUNGU,BNAME) values (11,10010,'서울','강남구','역삼동');
Insert into DELIVERY_ZONE (ZONE_INDEX,RST_ID,SIDO,SIGUNGU,BNAME) values (12,10011,'서울','강남구','역삼동');
Insert into DELIVERY_ZONE (ZONE_INDEX,RST_ID,SIDO,SIGUNGU,BNAME) values (13,10012,'서울','강남구','역삼동');
Insert into DELIVERY_ZONE (ZONE_INDEX,RST_ID,SIDO,SIGUNGU,BNAME) values (14,10013,'서울','강남구','역삼동');
Insert into DELIVERY_ZONE (ZONE_INDEX,RST_ID,SIDO,SIGUNGU,BNAME) values (15,10014,'서울','강남구','역삼동');
Insert into DELIVERY_ZONE (ZONE_INDEX,RST_ID,SIDO,SIGUNGU,BNAME) values (16,10015,'서울','강남구','역삼동');
Insert into DELIVERY_ZONE (ZONE_INDEX,RST_ID,SIDO,SIGUNGU,BNAME) values (17,10016,'서울','강남구','역삼동');
Insert into DELIVERY_ZONE (ZONE_INDEX,RST_ID,SIDO,SIGUNGU,BNAME) values (18,10017,'서울','강남구','역삼동');
Insert into DELIVERY_ZONE (ZONE_INDEX,RST_ID,SIDO,SIGUNGU,BNAME) values (19,10018,'서울','강남구','역삼동');
Insert into DELIVERY_ZONE (ZONE_INDEX,RST_ID,SIDO,SIGUNGU,BNAME) values (20,10019,'서울','강남구','역삼동');
Insert into DELIVERY_ZONE (ZONE_INDEX,RST_ID,SIDO,SIGUNGU,BNAME) values (21,10020,'서울','강남구','역삼동');
Insert into DELIVERY_ZONE (ZONE_INDEX,RST_ID,SIDO,SIGUNGU,BNAME) values (22,10021,'서울','강남구','역삼동');
Insert into DELIVERY_ZONE (ZONE_INDEX,RST_ID,SIDO,SIGUNGU,BNAME) values (23,10022,'서울','강남구','역삼동');
Insert into DELIVERY_ZONE (ZONE_INDEX,RST_ID,SIDO,SIGUNGU,BNAME) values (24,10023,'서울','강남구','역삼동');
Insert into DELIVERY_ZONE (ZONE_INDEX,RST_ID,SIDO,SIGUNGU,BNAME) values (25,10024,'서울','강남구','역삼동');
Insert into DELIVERY_ZONE (ZONE_INDEX,RST_ID,SIDO,SIGUNGU,BNAME) values (26,10025,'서울','강남구','역삼동');
Insert into DELIVERY_ZONE (ZONE_INDEX,RST_ID,SIDO,SIGUNGU,BNAME) values (27,10026,'서울','강남구','역삼동');
Insert into DELIVERY_ZONE (ZONE_INDEX,RST_ID,SIDO,SIGUNGU,BNAME) values (28,10027,'서울','강남구','역삼동');
Insert into DELIVERY_ZONE (ZONE_INDEX,RST_ID,SIDO,SIGUNGU,BNAME) values (29,10028,'서울','강남구','역삼동');
Insert into DELIVERY_ZONE (ZONE_INDEX,RST_ID,SIDO,SIGUNGU,BNAME) values (30,10029,'서울','강남구','역삼동');
Insert into DELIVERY_ZONE (ZONE_INDEX,RST_ID,SIDO,SIGUNGU,BNAME) values (31,10030,'서울','강남구','역삼동');
Insert into DELIVERY_ZONE (ZONE_INDEX,RST_ID,SIDO,SIGUNGU,BNAME) values (32,10031,'서울','강남구','역삼동');
Insert into DELIVERY_ZONE (ZONE_INDEX,RST_ID,SIDO,SIGUNGU,BNAME) values (33,10032,'서울','강남구','역삼동');
Insert into DELIVERY_ZONE (ZONE_INDEX,RST_ID,SIDO,SIGUNGU,BNAME) values (34,10033,'서울','강남구','역삼동');
Insert into DELIVERY_ZONE (ZONE_INDEX,RST_ID,SIDO,SIGUNGU,BNAME) values (35,10034,'서울','강남구','역삼동');
Insert into DELIVERY_ZONE (ZONE_INDEX,RST_ID,SIDO,SIGUNGU,BNAME) values (36,10035,'서울','강남구','역삼동');
Insert into DELIVERY_ZONE (ZONE_INDEX,RST_ID,SIDO,SIGUNGU,BNAME) values (37,10036,'서울','강남구','역삼동');
Insert into DELIVERY_ZONE (ZONE_INDEX,RST_ID,SIDO,SIGUNGU,BNAME) values (38,10037,'서울','강남구','역삼동');
Insert into DELIVERY_ZONE (ZONE_INDEX,RST_ID,SIDO,SIGUNGU,BNAME) values (39,10038,'서울','강남구','역삼동');
Insert into DELIVERY_ZONE (ZONE_INDEX,RST_ID,SIDO,SIGUNGU,BNAME) values (40,10039,'서울','강남구','역삼동');
Insert into DELIVERY_ZONE (ZONE_INDEX,RST_ID,SIDO,SIGUNGU,BNAME) values (41,10040,'서울','강남구','역삼동');
Insert into DELIVERY_ZONE (ZONE_INDEX,RST_ID,SIDO,SIGUNGU,BNAME) values (42,10041,'서울','강남구','역삼동');
Insert into DELIVERY_ZONE (ZONE_INDEX,RST_ID,SIDO,SIGUNGU,BNAME) values (43,10042,'서울','강남구','역삼동');
Insert into DELIVERY_ZONE (ZONE_INDEX,RST_ID,SIDO,SIGUNGU,BNAME) values (44,10043,'서울','강남구','역삼동');
Insert into DELIVERY_ZONE (ZONE_INDEX,RST_ID,SIDO,SIGUNGU,BNAME) values (45,10044,'서울','강남구','역삼동');
Insert into DELIVERY_ZONE (ZONE_INDEX,RST_ID,SIDO,SIGUNGU,BNAME) values (46,10045,'서울','강남구','역삼동');
Insert into DELIVERY_ZONE (ZONE_INDEX,RST_ID,SIDO,SIGUNGU,BNAME) values (47,10046,'서울','강남구','역삼동');
Insert into DELIVERY_ZONE (ZONE_INDEX,RST_ID,SIDO,SIGUNGU,BNAME) values (48,10047,'서울','강남구','역삼동');
Insert into DELIVERY_ZONE (ZONE_INDEX,RST_ID,SIDO,SIGUNGU,BNAME) values (49,10048,'서울','강남구','역삼동');
Insert into DELIVERY_ZONE (ZONE_INDEX,RST_ID,SIDO,SIGUNGU,BNAME) values (50,10049,'서울','강남구','역삼동');
Insert into DELIVERY_ZONE (ZONE_INDEX,RST_ID,SIDO,SIGUNGU,BNAME) values (51,10050,'서울','강남구','역삼동');
Insert into DELIVERY_ZONE (ZONE_INDEX,RST_ID,SIDO,SIGUNGU,BNAME) values (52,10051,'서울','강남구','역삼동');
Insert into DELIVERY_ZONE (ZONE_INDEX,RST_ID,SIDO,SIGUNGU,BNAME) values (53,10052,'서울','강남구','역삼동');
Insert into DELIVERY_ZONE (ZONE_INDEX,RST_ID,SIDO,SIGUNGU,BNAME) values (54,10053,'서울','강남구','역삼동');
Insert into DELIVERY_ZONE (ZONE_INDEX,RST_ID,SIDO,SIGUNGU,BNAME) values (55,10054,'서울','강남구','역삼동');
Insert into DELIVERY_ZONE (ZONE_INDEX,RST_ID,SIDO,SIGUNGU,BNAME) values (56,10055,'서울','강남구','역삼동');
Insert into DELIVERY_ZONE (ZONE_INDEX,RST_ID,SIDO,SIGUNGU,BNAME) values (57,10056,'서울','강남구','역삼동');
Insert into DELIVERY_ZONE (ZONE_INDEX,RST_ID,SIDO,SIGUNGU,BNAME) values (58,10057,'서울','강남구','역삼동');
Insert into DELIVERY_ZONE (ZONE_INDEX,RST_ID,SIDO,SIGUNGU,BNAME) values (59,10058,'서울','강남구','역삼동');
Insert into DELIVERY_ZONE (ZONE_INDEX,RST_ID,SIDO,SIGUNGU,BNAME) values (60,10059,'서울','강남구','역삼동');
Insert into DELIVERY_ZONE (ZONE_INDEX,RST_ID,SIDO,SIGUNGU,BNAME) values (61,10060,'서울','강남구','역삼동');
Insert into DELIVERY_ZONE (ZONE_INDEX,RST_ID,SIDO,SIGUNGU,BNAME) values (62,10061,'서울','강남구','역삼동');
Insert into DELIVERY_ZONE (ZONE_INDEX,RST_ID,SIDO,SIGUNGU,BNAME) values (63,10062,'서울','강남구','역삼동');
Insert into DELIVERY_ZONE (ZONE_INDEX,RST_ID,SIDO,SIGUNGU,BNAME) values (64,10063,'서울','강남구','역삼동');
Insert into DELIVERY_ZONE (ZONE_INDEX,RST_ID,SIDO,SIGUNGU,BNAME) values (65,10064,'서울','강남구','역삼동');
Insert into DELIVERY_ZONE (ZONE_INDEX,RST_ID,SIDO,SIGUNGU,BNAME) values (66,10065,'서울','강남구','역삼동');
Insert into DELIVERY_ZONE (ZONE_INDEX,RST_ID,SIDO,SIGUNGU,BNAME) values (67,10066,'서울','강남구','역삼동');
Insert into DELIVERY_ZONE (ZONE_INDEX,RST_ID,SIDO,SIGUNGU,BNAME) values (68,10067,'서울','강남구','역삼동');
Insert into DELIVERY_ZONE (ZONE_INDEX,RST_ID,SIDO,SIGUNGU,BNAME) values (69,10068,'서울','강남구','역삼동');
Insert into DELIVERY_ZONE (ZONE_INDEX,RST_ID,SIDO,SIGUNGU,BNAME) values (70,10069,'서울','강남구','역삼동');
Insert into DELIVERY_ZONE (ZONE_INDEX,RST_ID,SIDO,SIGUNGU,BNAME) values (71,10070,'서울','강남구','역삼동');
Insert into DELIVERY_ZONE (ZONE_INDEX,RST_ID,SIDO,SIGUNGU,BNAME) values (72,10071,'서울','강남구','역삼동');
Insert into DELIVERY_ZONE (ZONE_INDEX,RST_ID,SIDO,SIGUNGU,BNAME) values (73,10072,'서울','강남구','역삼동');
Insert into DELIVERY_ZONE (ZONE_INDEX,RST_ID,SIDO,SIGUNGU,BNAME) values (74,10073,'서울','강남구','역삼동');
Insert into DELIVERY_ZONE (ZONE_INDEX,RST_ID,SIDO,SIGUNGU,BNAME) values (75,10074,'서울','강남구','역삼동');
Insert into DELIVERY_ZONE (ZONE_INDEX,RST_ID,SIDO,SIGUNGU,BNAME) values (76,10075,'서울','강남구','역삼동');
Insert into DELIVERY_ZONE (ZONE_INDEX,RST_ID,SIDO,SIGUNGU,BNAME) values (77,10076,'서울','강남구','역삼동');
Insert into DELIVERY_ZONE (ZONE_INDEX,RST_ID,SIDO,SIGUNGU,BNAME) values (78,10077,'서울','강남구','역삼동');
Insert into DELIVERY_ZONE (ZONE_INDEX,RST_ID,SIDO,SIGUNGU,BNAME) values (79,10078,'서울','강남구','역삼동');
Insert into DELIVERY_ZONE (ZONE_INDEX,RST_ID,SIDO,SIGUNGU,BNAME) values (80,10079,'서울','강남구','역삼동');
Insert into DELIVERY_ZONE (ZONE_INDEX,RST_ID,SIDO,SIGUNGU,BNAME) values (81,10080,'서울','강남구','역삼동');
Insert into DELIVERY_ZONE (ZONE_INDEX,RST_ID,SIDO,SIGUNGU,BNAME) values (82,10081,'서울','강남구','역삼동');
Insert into DELIVERY_ZONE (ZONE_INDEX,RST_ID,SIDO,SIGUNGU,BNAME) values (83,10082,'서울','강남구','역삼동');
Insert into DELIVERY_ZONE (ZONE_INDEX,RST_ID,SIDO,SIGUNGU,BNAME) values (84,10083,'서울','강남구','역삼동');
Insert into DELIVERY_ZONE (ZONE_INDEX,RST_ID,SIDO,SIGUNGU,BNAME) values (85,10084,'서울','강남구','역삼동');
Insert into DELIVERY_ZONE (ZONE_INDEX,RST_ID,SIDO,SIGUNGU,BNAME) values (86,10085,'서울','강남구','역삼동');
Insert into DELIVERY_ZONE (ZONE_INDEX,RST_ID,SIDO,SIGUNGU,BNAME) values (87,10086,'서울','강남구','역삼동');
Insert into DELIVERY_ZONE (ZONE_INDEX,RST_ID,SIDO,SIGUNGU,BNAME) values (88,10087,'서울','강남구','역삼동');
Insert into DELIVERY_ZONE (ZONE_INDEX,RST_ID,SIDO,SIGUNGU,BNAME) values (89,10088,'서울','강남구','역삼동');
Insert into DELIVERY_ZONE (ZONE_INDEX,RST_ID,SIDO,SIGUNGU,BNAME) values (90,10089,'서울','강남구','역삼동');
Insert into DELIVERY_ZONE (ZONE_INDEX,RST_ID,SIDO,SIGUNGU,BNAME) values (91,10090,'서울','강남구','역삼동');
Insert into DELIVERY_ZONE (ZONE_INDEX,RST_ID,SIDO,SIGUNGU,BNAME) values (92,10091,'서울','강남구','역삼동');
Insert into DELIVERY_ZONE (ZONE_INDEX,RST_ID,SIDO,SIGUNGU,BNAME) values (93,10092,'서울','강남구','역삼동');
Insert into DELIVERY_ZONE (ZONE_INDEX,RST_ID,SIDO,SIGUNGU,BNAME) values (94,10093,'서울','강남구','역삼동');
Insert into DELIVERY_ZONE (ZONE_INDEX,RST_ID,SIDO,SIGUNGU,BNAME) values (95,10094,'서울','강남구','역삼동');
Insert into DELIVERY_ZONE (ZONE_INDEX,RST_ID,SIDO,SIGUNGU,BNAME) values (96,10095,'서울','강남구','역삼동');
Insert into DELIVERY_ZONE (ZONE_INDEX,RST_ID,SIDO,SIGUNGU,BNAME) values (97,10096,'서울','강남구','역삼동');
Insert into DELIVERY_ZONE (ZONE_INDEX,RST_ID,SIDO,SIGUNGU,BNAME) values (98,10097,'서울','강남구','역삼동');
Insert into DELIVERY_ZONE (ZONE_INDEX,RST_ID,SIDO,SIGUNGU,BNAME) values (99,10098,'서울','강남구','역삼동');
Insert into DELIVERY_ZONE (ZONE_INDEX,RST_ID,SIDO,SIGUNGU,BNAME) values (100,10099,'서울','강남구','역삼동');
Insert into DELIVERY_ZONE (ZONE_INDEX,RST_ID,SIDO,SIGUNGU,BNAME) values (101,10100,'서울','강남구','역삼동');
Insert into DELIVERY_ZONE (ZONE_INDEX,RST_ID,SIDO,SIGUNGU,BNAME) values (102,10101,'서울','강남구','역삼동');
Insert into DELIVERY_ZONE (ZONE_INDEX,RST_ID,SIDO,SIGUNGU,BNAME) values (103,10102,'서울','강남구','역삼동');
Insert into DELIVERY_ZONE (ZONE_INDEX,RST_ID,SIDO,SIGUNGU,BNAME) values (104,10103,'서울','강남구','역삼동');
Insert into DELIVERY_ZONE (ZONE_INDEX,RST_ID,SIDO,SIGUNGU,BNAME) values (105,10104,'서울','강남구','역삼동');
Insert into DELIVERY_ZONE (ZONE_INDEX,RST_ID,SIDO,SIGUNGU,BNAME) values (106,10105,'서울','강남구','역삼동');
Insert into DELIVERY_ZONE (ZONE_INDEX,RST_ID,SIDO,SIGUNGU,BNAME) values (107,10106,'서울','강남구','역삼동');
Insert into DELIVERY_ZONE (ZONE_INDEX,RST_ID,SIDO,SIGUNGU,BNAME) values (108,10107,'서울','강남구','역삼동');
Insert into DELIVERY_ZONE (ZONE_INDEX,RST_ID,SIDO,SIGUNGU,BNAME) values (109,10108,'서울','강남구','역삼동');
Insert into DELIVERY_ZONE (ZONE_INDEX,RST_ID,SIDO,SIGUNGU,BNAME) values (110,10109,'서울','강남구','역삼동');
Insert into DELIVERY_ZONE (ZONE_INDEX,RST_ID,SIDO,SIGUNGU,BNAME) values (111,10110,'서울','강남구','역삼동');
Insert into DELIVERY_ZONE (ZONE_INDEX,RST_ID,SIDO,SIGUNGU,BNAME) values (112,10111,'서울','강남구','역삼동');
Insert into DELIVERY_ZONE (ZONE_INDEX,RST_ID,SIDO,SIGUNGU,BNAME) values (113,10112,'서울','강남구','역삼동');
Insert into DELIVERY_ZONE (ZONE_INDEX,RST_ID,SIDO,SIGUNGU,BNAME) values (114,10113,'서울','강남구','역삼동');
Insert into DELIVERY_ZONE (ZONE_INDEX,RST_ID,SIDO,SIGUNGU,BNAME) values (115,10114,'서울','강남구','역삼동');
Insert into DELIVERY_ZONE (ZONE_INDEX,RST_ID,SIDO,SIGUNGU,BNAME) values (116,10115,'서울','강남구','역삼동');
Insert into DELIVERY_ZONE (ZONE_INDEX,RST_ID,SIDO,SIGUNGU,BNAME) values (117,10116,'서울','강남구','역삼동');
Insert into DELIVERY_ZONE (ZONE_INDEX,RST_ID,SIDO,SIGUNGU,BNAME) values (118,10117,'서울','강남구','역삼동');
Insert into DELIVERY_ZONE (ZONE_INDEX,RST_ID,SIDO,SIGUNGU,BNAME) values (119,10118,'서울','강남구','역삼동');
Insert into DELIVERY_ZONE (ZONE_INDEX,RST_ID,SIDO,SIGUNGU,BNAME) values (120,10119,'서울','강남구','역삼동');
REM INSERTING into FAVORITE_RESTAURANT
SET DEFINE OFF;
Insert into FAVORITE_RESTAURANT (EMAIL,RST_ID) values ('test@test.com',10000);
Insert into FAVORITE_RESTAURANT (EMAIL,RST_ID) values ('test@test.com',10001);
Insert into FAVORITE_RESTAURANT (EMAIL,RST_ID) values ('test@test.com',10016);
REM INSERTING into MEMBER_INFO
SET DEFINE OFF;
Insert into MEMBER_INFO (EMAIL,PHONE,NICKNAME,MEMBERSHIP,POINT,JOIN_DATE,WITHDRAW_DATE,RECEIVE_MARKETING) values ('abc4@abcd.com','5','test5','프렌드',0,to_date('22/03/02','RR/MM/DD'),null,0);
Insert into MEMBER_INFO (EMAIL,PHONE,NICKNAME,MEMBERSHIP,POINT,JOIN_DATE,WITHDRAW_DATE,RECEIVE_MARKETING) values ('test1@test.com','010-1111-1111','테스트1','프렌드',0,to_date('22/03/09','RR/MM/DD'),null,0);
Insert into MEMBER_INFO (EMAIL,PHONE,NICKNAME,MEMBERSHIP,POINT,JOIN_DATE,WITHDRAW_DATE,RECEIVE_MARKETING) values ('test2@test.com','010-2222-2222','테스트2','프렌드',0,to_date('22/03/09','RR/MM/DD'),null,0);
Insert into MEMBER_INFO (EMAIL,PHONE,NICKNAME,MEMBERSHIP,POINT,JOIN_DATE,WITHDRAW_DATE,RECEIVE_MARKETING) values ('test3@test.com','010-3333-3333','테스트3','프렌드',0,to_date('22/03/09','RR/MM/DD'),null,0);
Insert into MEMBER_INFO (EMAIL,PHONE,NICKNAME,MEMBERSHIP,POINT,JOIN_DATE,WITHDRAW_DATE,RECEIVE_MARKETING) values ('test4@test.com','010-4444-4444','테스트4','프렌드',0,to_date('22/03/09','RR/MM/DD'),null,0);
Insert into MEMBER_INFO (EMAIL,PHONE,NICKNAME,MEMBERSHIP,POINT,JOIN_DATE,WITHDRAW_DATE,RECEIVE_MARKETING) values ('test@test.com','010-4444-3333','테스트','프렌드',1883,to_date('22/03/16','RR/MM/DD'),null,0);
Insert into MEMBER_INFO (EMAIL,PHONE,NICKNAME,MEMBERSHIP,POINT,JOIN_DATE,WITHDRAW_DATE,RECEIVE_MARKETING) values ('abc@abcd.com','1','test1','프렌드',0,to_date('22/03/02','RR/MM/DD'),null,0);
Insert into MEMBER_INFO (EMAIL,PHONE,NICKNAME,MEMBERSHIP,POINT,JOIN_DATE,WITHDRAW_DATE,RECEIVE_MARKETING) values ('abc1@abcd.com','2','test2','프렌드',0,to_date('22/03/02','RR/MM/DD'),null,0);
Insert into MEMBER_INFO (EMAIL,PHONE,NICKNAME,MEMBERSHIP,POINT,JOIN_DATE,WITHDRAW_DATE,RECEIVE_MARKETING) values ('abc2@abcd.com','3','test3','프렌드',0,to_date('22/03/02','RR/MM/DD'),null,0);
Insert into MEMBER_INFO (EMAIL,PHONE,NICKNAME,MEMBERSHIP,POINT,JOIN_DATE,WITHDRAW_DATE,RECEIVE_MARKETING) values ('abc3@abcd.com','4','test4','프렌드',0,to_date('22/03/02','RR/MM/DD'),null,0);
Insert into MEMBER_INFO (EMAIL,PHONE,NICKNAME,MEMBERSHIP,POINT,JOIN_DATE,WITHDRAW_DATE,RECEIVE_MARKETING) values ('test123@test.com','010-1111-2333','테스트테스트','프렌드',0,to_date('22/04/13','RR/MM/DD'),null,0);
Insert into MEMBER_INFO (EMAIL,PHONE,NICKNAME,MEMBERSHIP,POINT,JOIN_DATE,WITHDRAW_DATE,RECEIVE_MARKETING) values ('test@test2.com','010-1009-3854','testest','프렌드',0,to_date('22/04/15','RR/MM/DD'),null,0);
REM INSERTING into MEMBER_LOGIN
SET DEFINE OFF;
Insert into MEMBER_LOGIN (EMAIL,PASSWORD) values ('abc4@abcd.com','B2706CAE2DD0A30AFAE38DD842744459');
Insert into MEMBER_LOGIN (EMAIL,PASSWORD) values ('test1@test.com','0136FEB4FE1E87AF427F5349F52E1873');
Insert into MEMBER_LOGIN (EMAIL,PASSWORD) values ('test2@test.com','E32A4B713429E1F0DBA165CEC04773C3');
Insert into MEMBER_LOGIN (EMAIL,PASSWORD) values ('test3@test.com','0136FEB4FE1E87AF427F5349F52E1873');
Insert into MEMBER_LOGIN (EMAIL,PASSWORD) values ('test4@test.com','EBE2DBFE8AF669F54F08AEC4B3C7A4ED');
Insert into MEMBER_LOGIN (EMAIL,PASSWORD) values ('test@test.com','0ADDBB9DCA84DC6330A2E7247273E0AF');
Insert into MEMBER_LOGIN (EMAIL,PASSWORD) values ('abc@abcd.com','0136FEB4FE1E87AF427F5349F52E1873');
Insert into MEMBER_LOGIN (EMAIL,PASSWORD) values ('abc1@abcd.com','0136FEB4FE1E87AF427F5349F52E1873');
Insert into MEMBER_LOGIN (EMAIL,PASSWORD) values ('abc2@abcd.com','B2706CAE2DD0A30AFAE38DD842744459');
Insert into MEMBER_LOGIN (EMAIL,PASSWORD) values ('abc3@abcd.com','1F06D96E480550DF033DF00701C52917');
Insert into MEMBER_LOGIN (EMAIL,PASSWORD) values ('test123@test.com','0ADDBB9DCA84DC6330A2E7247273E0AF');
Insert into MEMBER_LOGIN (EMAIL,PASSWORD) values ('test@test2.com','0ADDBB9DCA84DC6330A2E7247273E0AF');
REM INSERTING into MENU
SET DEFINE OFF;
Insert into MENU (MENU_ID,CATEGORY_ID,MENU_NAME,MENU_INFO,MENU_PHOTO,PRICE,ENABLE) values (80,40,'파인트','3가지 맛의 아이스크림이 선택가능한 쿼터 사이즈!','파인트.png',8000,1);
Insert into MENU (MENU_ID,CATEGORY_ID,MENU_NAME,MENU_INFO,MENU_PHOTO,PRICE,ENABLE) values (162,82,'고메김치볶음밥스테이크','고메김치볶음밥스테이크','고메김치볶음밥스테이크.png',12000,1);
Insert into MENU (MENU_ID,CATEGORY_ID,MENU_NAME,MENU_INFO,MENU_PHOTO,PRICE,ENABLE) values (81,41,'파인트 세트','3가지 맛의 아이스크림이 선택가능한 쿼터 사이즈와 인기 디저트','파인트세트.png',15000,1);
Insert into MENU (MENU_ID,CATEGORY_ID,MENU_NAME,MENU_INFO,MENU_PHOTO,PRICE,ENABLE) values (82,41,'쿼터세트','4가지 맛의 아이스크림이 선택가능한 쿼터 사이즈와 인기 디저트','쿼터세트.png',21000,1);
Insert into MENU (MENU_ID,CATEGORY_ID,MENU_NAME,MENU_INFO,MENU_PHOTO,PRICE,ENABLE) values (83,42,'일첩세트','떡볶이 선택 ＋ 감자폭탄1／2 ＋ 5종 튀김','일첩세트.png',15000,1);
Insert into MENU (MENU_ID,CATEGORY_ID,MENU_NAME,MENU_INFO,MENU_PHOTO,PRICE,ENABLE) values (84,42,'[로제]떡볶이','떡+어묵+메추리알+비엔나','[로제]떡볶이.png',9000,1);
Insert into MENU (MENU_ID,CATEGORY_ID,MENU_NAME,MENU_INFO,MENU_PHOTO,PRICE,ENABLE) values (85,43,'일첩세트','떡볶이 선택 ＋ 감자폭탄1／2 ＋ 5종 튀김','일첩세트.png',15000,1);
Insert into MENU (MENU_ID,CATEGORY_ID,MENU_NAME,MENU_INFO,MENU_PHOTO,PRICE,ENABLE) values (86,43,'이첩세트','떡볶이 선택 ＋ 감자폭탄 ＋ 토핑','이첩세트.png',17000,1);
Insert into MENU (MENU_ID,CATEGORY_ID,MENU_NAME,MENU_INFO,MENU_PHOTO,PRICE,ENABLE) values (87,44,'후라이드','후참만의 노하우로 튀겨내 누구나 선호하는 크리스피 치킨','후라이드.png',15000,1);
Insert into MENU (MENU_ID,CATEGORY_ID,MENU_NAME,MENU_INFO,MENU_PHOTO,PRICE,ENABLE) values (88,44,'순살후라이드','후참만의 노하우로 튀겨내 누구나 선호하는 크리스피 치킨','순살후라이드.png',15000,1);
Insert into MENU (MENU_ID,CATEGORY_ID,MENU_NAME,MENU_INFO,MENU_PHOTO,PRICE,ENABLE) values (89,45,'후라이드','후참만의 노하우로 튀겨내 누구나 선호하는 크리스피 치킨','후라이드.png',15000,1);
Insert into MENU (MENU_ID,CATEGORY_ID,MENU_NAME,MENU_INFO,MENU_PHOTO,PRICE,ENABLE) values (90,45,'순살후라이드','후참만의 노하우로 튀겨내 누구나 선호하는 크리스피 치킨','순살후라이드.png',15000,1);
Insert into MENU (MENU_ID,CATEGORY_ID,MENU_NAME,MENU_INFO,MENU_PHOTO,PRICE,ENABLE) values (91,46,'순살반반','내맘대로 구성하는 반반세트메뉴','순살반반.png',18000,1);
Insert into MENU (MENU_ID,CATEGORY_ID,MENU_NAME,MENU_INFO,MENU_PHOTO,PRICE,ENABLE) values (92,46,'뼈반반','내맘대로 구성하는 반반세트메뉴','뼈반반.png',18000,1);
Insert into MENU (MENU_ID,CATEGORY_ID,MENU_NAME,MENU_INFO,MENU_PHOTO,PRICE,ENABLE) values (93,47,'순살반반','내맘대로 구성하는 반반세트메뉴','순살반반.png',18000,1);
Insert into MENU (MENU_ID,CATEGORY_ID,MENU_NAME,MENU_INFO,MENU_PHOTO,PRICE,ENABLE) values (94,48,'고추바사삭','고추바사삭+고블링소스+마블링소스+치킨무','고추바사삭.png',18000,1);
Insert into MENU (MENU_ID,CATEGORY_ID,MENU_NAME,MENU_INFO,MENU_PHOTO,PRICE,ENABLE) values (95,48,'오리지널','오리지널+달콤소스+치킨무','오리지널.png',16000,1);
Insert into MENU (MENU_ID,CATEGORY_ID,MENU_NAME,MENU_INFO,MENU_PHOTO,PRICE,ENABLE) values (96,49,'오븐바사삭','오븐바사삭+러블링소스+각무','오븐바사삭.png',17000,1);
Insert into MENU (MENU_ID,CATEGORY_ID,MENU_NAME,MENU_INFO,MENU_PHOTO,PRICE,ENABLE) values (97,49,'오븐바사삭순살','오븐바사삭순살+러블링소스+각무','오븐바사삭순살.png',17000,1);
Insert into MENU (MENU_ID,CATEGORY_ID,MENU_NAME,MENU_INFO,MENU_PHOTO,PRICE,ENABLE) values (98,50,'반반치킨','후라이드와 양념을 따로따로 조리하는 멕시카나만의 특별한 반반치킨','반반치킨.png',18000,1);
Insert into MENU (MENU_ID,CATEGORY_ID,MENU_NAME,MENU_INFO,MENU_PHOTO,PRICE,ENABLE) values (99,50,'후라이드치킨','바삭바삭~ 소리까지 맛있는 오리지날 후라이드치킨','후라이드치킨.png',17000,1);
Insert into MENU (MENU_ID,CATEGORY_ID,MENU_NAME,MENU_INFO,MENU_PHOTO,PRICE,ENABLE) values (100,51,'리얼치킨꿔바로우','쫀득한 찹쌀피 속 육즙 터지는 부드러운 순살 닭 가슴살과 과일이 들어간 소스로 새콤달콤한 맛!','리얼치킨꿔바로우.png',20000,1);
Insert into MENU (MENU_ID,CATEGORY_ID,MENU_NAME,MENU_INFO,MENU_PHOTO,PRICE,ENABLE) values (101,51,'어향요리치킨','프리미엄 중화 소스에 피망과 양파를 더해 한국인이 사랑하는 중화요리의 맛!','어향요리치킨.png',20000,1);
Insert into MENU (MENU_ID,CATEGORY_ID,MENU_NAME,MENU_INFO,MENU_PHOTO,PRICE,ENABLE) values (102,52,'뉴욕버거 세트','신선한 채소 부드러운 참께빵 케찹／머스타드마요 소스의 조화 대표버거','뉴욕버거세트.png',7400,1);
Insert into MENU (MENU_ID,CATEGORY_ID,MENU_NAME,MENU_INFO,MENU_PHOTO,PRICE,ENABLE) values (103,52,'[버거맛집]싱글세트','버거 선택 ＋순살컵치킨 ＋ 케이준후렌치후라이L＋달콤양념소스 ＋콜라1잔','[버거맛집]싱글세트.png',12000,1);
Insert into MENU (MENU_ID,CATEGORY_ID,MENU_NAME,MENU_INFO,MENU_PHOTO,PRICE,ENABLE) values (104,53,'뉴욕버거','신선한 채소 부드러운 참께빵 케찹／머스타드마요 소스의 조화 대표버거','뉴욕버거.png',4400,1);
Insert into MENU (MENU_ID,CATEGORY_ID,MENU_NAME,MENU_INFO,MENU_PHOTO,PRICE,ENABLE) values (105,53,'칠리치킨버거','새콤달콤한 칠리치킨','칠리치킨버거.png',4000,1);
Insert into MENU (MENU_ID,CATEGORY_ID,MENU_NAME,MENU_INFO,MENU_PHOTO,PRICE,ENABLE) values (106,54,'싸이버거세트','매콤한 통다리살 패티가 통째로~','싸이버거세트.png',6200,1);
Insert into MENU (MENU_ID,CATEGORY_ID,MENU_NAME,MENU_INFO,MENU_PHOTO,PRICE,ENABLE) values (107,54,'싸이버거단품','매콤한 통다리살 패티가 통째로~','싸이버거단품.png',4000,1);
Insert into MENU (MENU_ID,CATEGORY_ID,MENU_NAME,MENU_INFO,MENU_PHOTO,PRICE,ENABLE) values (108,55,'모코코생파세트','[한정판매] 로스트아크 콜라보 - 모코코피규어＋게임쿠폰＋버거＋싸이순살＋케이준양념감자＋콜라1','모코코생파세트.png',17900,1);
Insert into MENU (MENU_ID,CATEGORY_ID,MENU_NAME,MENU_INFO,MENU_PHOTO,PRICE,ENABLE) values (109,56,'슈프림양념치킨','바삭한 후라이드 치킨 위에 허니올리고당야채양념과 신비의 하얀 소스가 뿌려진 이색적인 양념치킨','슈프림양념치킨.png',17900,1);
Insert into MENU (MENU_ID,CATEGORY_ID,MENU_NAME,MENU_INFO,MENU_PHOTO,PRICE,ENABLE) values (110,56,'순살슈프림양념치킨','바삭한 후라이드 치킨 위에 허니올리고당야채양념과 신비의 하얀 소스가 뿌려진 이색적인 양념치킨','순살슈프림양념치킨.png',17900,1);
Insert into MENU (MENU_ID,CATEGORY_ID,MENU_NAME,MENU_INFO,MENU_PHOTO,PRICE,ENABLE) values (111,57,'슈프림양념치킨','바삭한 후라이드 치킨 위에 허니올리고당야채양념과 신비의 하얀 소스가 뿌려진 이색적인 양념치킨','슈프림양념치킨.png',17900,1);
Insert into MENU (MENU_ID,CATEGORY_ID,MENU_NAME,MENU_INFO,MENU_PHOTO,PRICE,ENABLE) values (112,57,'순살슈프림양념치킨','바삭한 후라이드 치킨 위에 허니올리고당야채양념과 신비의 하얀 소스가 뿌려진 이색적인 양념치킨','순살슈프림양념치킨.png',17900,1);
Insert into MENU (MENU_ID,CATEGORY_ID,MENU_NAME,MENU_INFO,MENU_PHOTO,PRICE,ENABLE) values (113,58,'오곡후라이드치킨','오곡으로만든 후라이드치킨','오곡후라이드치킨.png',17900,1);
Insert into MENU (MENU_ID,CATEGORY_ID,MENU_NAME,MENU_INFO,MENU_PHOTO,PRICE,ENABLE) values (114,58,'갈릭반+핫양념반','갈릭반+핫양념반','갈릭반+핫양념반.png',19900,1);
Insert into MENU (MENU_ID,CATEGORY_ID,MENU_NAME,MENU_INFO,MENU_PHOTO,PRICE,ENABLE) values (115,59,'오곡후라이드치킨','오곡으로만든 후라이드치킨','오곡후라이드치킨.png',17900,1);
Insert into MENU (MENU_ID,CATEGORY_ID,MENU_NAME,MENU_INFO,MENU_PHOTO,PRICE,ENABLE) values (116,59,'갈릭반+핫양념반','갈릭반+핫양념반','갈릭반+핫양념반.png',19900,1);
Insert into MENU (MENU_ID,CATEGORY_ID,MENU_NAME,MENU_INFO,MENU_PHOTO,PRICE,ENABLE) values (117,60,'국물치즈떡닭세트','국물치즈떡닭세트','국물치즈떡닭세트.png',23900,1);
Insert into MENU (MENU_ID,CATEGORY_ID,MENU_NAME,MENU_INFO,MENU_PHOTO,PRICE,ENABLE) values (118,60,'내맘대로떡닭세트','내맘대로떡닭세트','내맘대로떡닭세트.png',23900,1);
Insert into MENU (MENU_ID,CATEGORY_ID,MENU_NAME,MENU_INFO,MENU_PHOTO,PRICE,ENABLE) values (119,61,'국물치즈떡닭세트','국물치즈떡닭세트','국물치즈떡닭세트.png',23900,1);
Insert into MENU (MENU_ID,CATEGORY_ID,MENU_NAME,MENU_INFO,MENU_PHOTO,PRICE,ENABLE) values (120,61,'내맘대로떡닭세트','내맘대로떡닭세트','내맘대로떡닭세트.png',23900,1);
Insert into MENU (MENU_ID,CATEGORY_ID,MENU_NAME,MENU_INFO,MENU_PHOTO,PRICE,ENABLE) values (121,62,'불고기버거세트','불고기버거세트','불고기버거세트.png',5900,1);
Insert into MENU (MENU_ID,CATEGORY_ID,MENU_NAME,MENU_INFO,MENU_PHOTO,PRICE,ENABLE) values (122,62,'한우불고기세트','한우불고기세트','한우불고기세트.png',8900,1);
Insert into MENU (MENU_ID,CATEGORY_ID,MENU_NAME,MENU_INFO,MENU_PHOTO,PRICE,ENABLE) values (123,63,'불고기버거세트','불고기버거세트','불고기버거세트.png',5900,1);
Insert into MENU (MENU_ID,CATEGORY_ID,MENU_NAME,MENU_INFO,MENU_PHOTO,PRICE,ENABLE) values (124,63,'한우불고기세트','한우불고기세트','한우불고기세트.png',8900,1);
Insert into MENU (MENU_ID,CATEGORY_ID,MENU_NAME,MENU_INFO,MENU_PHOTO,PRICE,ENABLE) values (125,64,'고르곤졸라피자M','-','고르곤졸라피자M.png',12000,1);
Insert into MENU (MENU_ID,CATEGORY_ID,MENU_NAME,MENU_INFO,MENU_PHOTO,PRICE,ENABLE) values (126,64,'이태리 콤보','6인치피자（피자 중 택1）＋크림까르보나라파스타＋음료','이태리콤보.png',17000,1);
Insert into MENU (MENU_ID,CATEGORY_ID,MENU_NAME,MENU_INFO,MENU_PHOTO,PRICE,ENABLE) values (127,65,'크림까르보나라파스타','-','크림까르보나라파스타.png',10000,1);
Insert into MENU (MENU_ID,CATEGORY_ID,MENU_NAME,MENU_INFO,MENU_PHOTO,PRICE,ENABLE) values (128,65,'베이컨토마토파스타','-','베이컨토마토파스타.png',10000,1);
Insert into MENU (MENU_ID,CATEGORY_ID,MENU_NAME,MENU_INFO,MENU_PHOTO,PRICE,ENABLE) values (129,66,'페퍼로니 피자M','페퍼로니와 모짜렐라 치즈의 만남, 비스트로피자의 베스트메뉴','페퍼로니피자M.png',15900,1);
Insert into MENU (MENU_ID,CATEGORY_ID,MENU_NAME,MENU_INFO,MENU_PHOTO,PRICE,ENABLE) values (130,66,'반반피자 L','-','반반피자L.png',20900,1);
Insert into MENU (MENU_ID,CATEGORY_ID,MENU_NAME,MENU_INFO,MENU_PHOTO,PRICE,ENABLE) values (131,67,'치즈피자 M','-','치즈피자M.png',15900,1);
Insert into MENU (MENU_ID,CATEGORY_ID,MENU_NAME,MENU_INFO,MENU_PHOTO,PRICE,ENABLE) values (132,67,'페퍼로니 피자M','페퍼로니와 모짜렐라 치즈의 만남','페퍼로니피자M.png',15900,1);
Insert into MENU (MENU_ID,CATEGORY_ID,MENU_NAME,MENU_INFO,MENU_PHOTO,PRICE,ENABLE) values (133,68,'고추바사삭','고추바사삭+고블링소스+마블링소스+치킨무','고추바사삭.png',18000,1);
Insert into MENU (MENU_ID,CATEGORY_ID,MENU_NAME,MENU_INFO,MENU_PHOTO,PRICE,ENABLE) values (134,68,'오리지널','오리지널+달콤소스+치킨무','오리지널.png',16000,1);
Insert into MENU (MENU_ID,CATEGORY_ID,MENU_NAME,MENU_INFO,MENU_PHOTO,PRICE,ENABLE) values (135,69,'오븐바사삭','오븐바사삭+러블링소스+각무','오븐바사삭.png',17000,1);
Insert into MENU (MENU_ID,CATEGORY_ID,MENU_NAME,MENU_INFO,MENU_PHOTO,PRICE,ENABLE) values (136,69,'오븐바사삭순살','오븐바사삭순살+러블링소스+각무','오븐바사삭순살.png',17000,1);
Insert into MENU (MENU_ID,CATEGORY_ID,MENU_NAME,MENU_INFO,MENU_PHOTO,PRICE,ENABLE) values (137,70,'수퍼파파스오리지널크러스트L','고기와 야채가 듬뿍 토핑된 파파존스의 명품 피자','수퍼파파스오리지널크러스트L.png',28000,1);
Insert into MENU (MENU_ID,CATEGORY_ID,MENU_NAME,MENU_INFO,MENU_PHOTO,PRICE,ENABLE) values (138,70,'폴드포크바베큐크러스트L','진한 맥앤치즈 소스 위에 부르더운 폴드포크','폴드포크바베큐크러스트L.png',28000,1);
Insert into MENU (MENU_ID,CATEGORY_ID,MENU_NAME,MENU_INFO,MENU_PHOTO,PRICE,ENABLE) values (139,71,'올미트치즈롤크러스트L','페퍼로니, 햄, 이탈리안 소시지, 엄선된 쇠고기까지 꽉 채운 환상의 미트 피자','올미트치즈롤크러스트L.png',27000,1);
Insert into MENU (MENU_ID,CATEGORY_ID,MENU_NAME,MENU_INFO,MENU_PHOTO,PRICE,ENABLE) values (140,71,'페퍼로니치즈롤크러스트L','단순해서 더 빠져드는 매력','페퍼로니치즈롤크러스트L.png',27000,1);
Insert into MENU (MENU_ID,CATEGORY_ID,MENU_NAME,MENU_INFO,MENU_PHOTO,PRICE,ENABLE) values (141,72,'팬수퍼수프림L','오랫동안 사랑받아온 정통 콤비네이션으로 기름에 튀기듯 구운 팬피자','팬수퍼수프림L.png',29000,1);
Insert into MENU (MENU_ID,CATEGORY_ID,MENU_NAME,MENU_INFO,MENU_PHOTO,PRICE,ENABLE) values (142,72,'마니아오리지널수프림L','전 세계적으로 오랫동안 사랑받고 있는 오리지널 슈프림 피자 피자','마니아오리지널수프림L.png',29000,1);
Insert into MENU (MENU_ID,CATEGORY_ID,MENU_NAME,MENU_INFO,MENU_PHOTO,PRICE,ENABLE) values (143,73,'불고기앤슈프림L','피자의 정석 수퍼슈프림과 남녀노소 좋아하는 불고기를 한 판으로 다양하게 즐기는 하프앤하프','불고기앤슈프림L.png',35000,1);
Insert into MENU (MENU_ID,CATEGORY_ID,MENU_NAME,MENU_INFO,MENU_PHOTO,PRICE,ENABLE) values (144,73,'립스테이크앤쉬림프L','갈비맛 스테이크와 케이준 쉬림프 토핑을 한 판으로!','립스테이크앤쉬림프L.png',35000,1);
Insert into MENU (MENU_ID,CATEGORY_ID,MENU_NAME,MENU_INFO,MENU_PHOTO,PRICE,ENABLE) values (145,74,'감바스','올리브 오일에 마늘이 퐁당. 그 안에서 샤워한 새우를 빵과 와인과 함께 즐기시는 메뉴','감바스.png',12000,1);
Insert into MENU (MENU_ID,CATEGORY_ID,MENU_NAME,MENU_INFO,MENU_PHOTO,PRICE,ENABLE) values (146,74,'새우크림파스타','생크림의 진한 풍미','새우크림파스타.png',12000,1);
Insert into MENU (MENU_ID,CATEGORY_ID,MENU_NAME,MENU_INFO,MENU_PHOTO,PRICE,ENABLE) values (147,75,'새우 로제 파스타','토마토와 생크림의 로제파스타','새우로제파스타.png',10900,1);
Insert into MENU (MENU_ID,CATEGORY_ID,MENU_NAME,MENU_INFO,MENU_PHOTO,PRICE,ENABLE) values (148,75,'토마토 치즈 그라탕','베이컨 토마토 소스와 밥과 치즈의 만남','토마토치즈그라탕.png',10900,1);
Insert into MENU (MENU_ID,CATEGORY_ID,MENU_NAME,MENU_INFO,MENU_PHOTO,PRICE,ENABLE) values (149,76,'미국식닭고기덮밥','덮밥','미국식닭고기덮밥.png',6500,1);
Insert into MENU (MENU_ID,CATEGORY_ID,MENU_NAME,MENU_INFO,MENU_PHOTO,PRICE,ENABLE) values (150,76,'미국식새우닭고기덮밥','덮밥','미국식새우닭고기덮밥.png',8500,1);
Insert into MENU (MENU_ID,CATEGORY_ID,MENU_NAME,MENU_INFO,MENU_PHOTO,PRICE,ENABLE) values (151,77,'미국식닭고기덮밥','덮밥','미국식닭고기덮밥.png',6500,1);
Insert into MENU (MENU_ID,CATEGORY_ID,MENU_NAME,MENU_INFO,MENU_PHOTO,PRICE,ENABLE) values (152,77,'미국식새우닭고기덮밥','덮밥','미국식새우닭고기덮밥.png',8500,1);
Insert into MENU (MENU_ID,CATEGORY_ID,MENU_NAME,MENU_INFO,MENU_PHOTO,PRICE,ENABLE) values (153,78,'반반피자','반반피자','반반피자.png',18500,1);
Insert into MENU (MENU_ID,CATEGORY_ID,MENU_NAME,MENU_INFO,MENU_PHOTO,PRICE,ENABLE) values (154,78,'멜팅치즈앤스테이크피자','멜팅치즈앤스테이크피자','멜팅치즈앤스테이크피자.png',22500,1);
Insert into MENU (MENU_ID,CATEGORY_ID,MENU_NAME,MENU_INFO,MENU_PHOTO,PRICE,ENABLE) values (155,79,'반반피자','반반피자','반반피자.png',18500,1);
Insert into MENU (MENU_ID,CATEGORY_ID,MENU_NAME,MENU_INFO,MENU_PHOTO,PRICE,ENABLE) values (156,79,'멜팅치즈앤스테이크피자','멜팅치즈앤스테이크피자','멜팅치즈앤스테이크피자.png',22500,1);
Insert into MENU (MENU_ID,CATEGORY_ID,MENU_NAME,MENU_INFO,MENU_PHOTO,PRICE,ENABLE) values (157,80,'비프타코','비프타코','비프타코.png',12000,1);
Insert into MENU (MENU_ID,CATEGORY_ID,MENU_NAME,MENU_INFO,MENU_PHOTO,PRICE,ENABLE) values (158,80,'비프엔칠라다','비프엔칠라다','비프엔칠라다.png',12000,1);
Insert into MENU (MENU_ID,CATEGORY_ID,MENU_NAME,MENU_INFO,MENU_PHOTO,PRICE,ENABLE) values (159,81,'비프타코','비프타코','비프타코.png',12000,1);
Insert into MENU (MENU_ID,CATEGORY_ID,MENU_NAME,MENU_INFO,MENU_PHOTO,PRICE,ENABLE) values (160,81,'비프엔칠라다','비프엔칠라다','비프엔칠라다.png',12000,1);
Insert into MENU (MENU_ID,CATEGORY_ID,MENU_NAME,MENU_INFO,MENU_PHOTO,PRICE,ENABLE) values (161,82,'고메핫알리오올리오','고메핫알리오올리오','고메핫알리오올리오.png',12000,1);
Insert into MENU (MENU_ID,CATEGORY_ID,MENU_NAME,MENU_INFO,MENU_PHOTO,PRICE,ENABLE) values (163,83,'고메핫알리오올리오','고메핫알리오올리오','고메핫알리오올리오.png',12000,1);
Insert into MENU (MENU_ID,CATEGORY_ID,MENU_NAME,MENU_INFO,MENU_PHOTO,PRICE,ENABLE) values (1,1,'역시제육','매콤한 제육볶음에 탱그르르 당면사리 그리고 반숙계란에 슥슥비빈 밥 한입','역시제육.png',9800,1);
Insert into MENU (MENU_ID,CATEGORY_ID,MENU_NAME,MENU_INFO,MENU_PHOTO,PRICE,ENABLE) values (2,1,'고기국밥','소뼈,고기로 깊게 우려낸 육수와 졸인 무, 부드러운 고기가 들어가 든든한 국밥','고기국밥.png',8800,1);
Insert into MENU (MENU_ID,CATEGORY_ID,MENU_NAME,MENU_INFO,MENU_PHOTO,PRICE,ENABLE) values (3,1,'팔도 고추장 비빔밥','고추장베이스 비빔장이 들어간 팔도비빔밥','팔도고추장비빔밥.png',9800,1);
Insert into MENU (MENU_ID,CATEGORY_ID,MENU_NAME,MENU_INFO,MENU_PHOTO,PRICE,ENABLE) values (4,1,'인생 떡갈비','소고기와 경성밥상 특제소스를 넣어 매장에서 직접 만든 수제떡갈비','인생떡갈비.png',12000,1);
Insert into MENU (MENU_ID,CATEGORY_ID,MENU_NAME,MENU_INFO,MENU_PHOTO,PRICE,ENABLE) values (5,2,'인생 떡갈비','소고기와 경성밥상 특제소스를 넣어 매장에서 직접 만든 수제떡갈비','인생떡갈비.png',12000,1);
Insert into MENU (MENU_ID,CATEGORY_ID,MENU_NAME,MENU_INFO,MENU_PHOTO,PRICE,ENABLE) values (6,2,'역시제육','매콤한 제육볶음에 탱그르르 당면사리 그리고 반숙계란에 슥슥비빈 밥 한입','역시제육.png',9800,1);
Insert into MENU (MENU_ID,CATEGORY_ID,MENU_NAME,MENU_INFO,MENU_PHOTO,PRICE,ENABLE) values (7,2,'고기국밥','소뼈,고기로 깊게 우려낸 육수와 졸인 무, 부드러운 고기가 들어가 든든한 국밥','고기국밥.png',8800,1);
Insert into MENU (MENU_ID,CATEGORY_ID,MENU_NAME,MENU_INFO,MENU_PHOTO,PRICE,ENABLE) values (8,2,'팔도 고추장 비빔밥','고추장베이스 비빔장이 들어간 팔도비빔밥','팔도고추장비빔밥.png',9800,1);
Insert into MENU (MENU_ID,CATEGORY_ID,MENU_NAME,MENU_INFO,MENU_PHOTO,PRICE,ENABLE) values (9,3,'계란잡채전+밥선택','잡채와 계란이 만나 고소한 전과 내가 고르는 밥','계란잡채전.png',16000,1);
Insert into MENU (MENU_ID,CATEGORY_ID,MENU_NAME,MENU_INFO,MENU_PHOTO,PRICE,ENABLE) values (10,3,'미나리부추전+밥선택','맵싹한 미나리 부추전과 전과 내가 고르는 밥','미나리부추전.png',16000,1);
Insert into MENU (MENU_ID,CATEGORY_ID,MENU_NAME,MENU_INFO,MENU_PHOTO,PRICE,ENABLE) values (11,4,'양배추부추전+국수선택','달달,고소,짭짤,촉촉,새콤 다섯가지 맛의 양배추 전과 전과 내가 고르는 밥','양배추전.png',16000,1);
Insert into MENU (MENU_ID,CATEGORY_ID,MENU_NAME,MENU_INFO,MENU_PHOTO,PRICE,ENABLE) values (12,5,'고기국밥','소뼈,고기로 깊게 우려낸 육수와 졸인 무, 부드러운 고기가 들어가 든든한 국밥','고기국밥.png',8800,1);
Insert into MENU (MENU_ID,CATEGORY_ID,MENU_NAME,MENU_INFO,MENU_PHOTO,PRICE,ENABLE) values (13,5,'팔도 고추장 비빔밥','고추장베이스 비빔장이 들어간 팔도비빔밥','팔도고추장비빔밥.png',9800,1);
Insert into MENU (MENU_ID,CATEGORY_ID,MENU_NAME,MENU_INFO,MENU_PHOTO,PRICE,ENABLE) values (14,6,'디저트 세트','아메리카노 한잔, 그리고 디저트와 함께!','디저트세트.png',6900,1);
Insert into MENU (MENU_ID,CATEGORY_ID,MENU_NAME,MENU_INFO,MENU_PHOTO,PRICE,ENABLE) values (15,6,'카페라떼','고소하고 부드러운 맛을 느낄 수 있는 카페 라떼!','카페라떼.png',4300,1);
Insert into MENU (MENU_ID,CATEGORY_ID,MENU_NAME,MENU_INFO,MENU_PHOTO,PRICE,ENABLE) values (16,7,'Dripdrop아메리카노','세계에서 가장 맛있는 원두를 블랜드하여 목넘김이 깔끔하면서 바디감 좋은 아메리카노!','Dripdrop아메리카노.png',3700,1);
Insert into MENU (MENU_ID,CATEGORY_ID,MENU_NAME,MENU_INFO,MENU_PHOTO,PRICE,ENABLE) values (17,7,'크로와상브런치세트','버터향 가득한 부드러운 크로와상과 아메리카노 한잔으로 여유로운 아침을 시작해봐요!','크로와상브런치세트.png',6500,1);
Insert into MENU (MENU_ID,CATEGORY_ID,MENU_NAME,MENU_INFO,MENU_PHOTO,PRICE,ENABLE) values (18,8,'육회+생연어 혼술세트','(연어유부초밥)＋육회 100g＋연어사시미 5p','육회+생연어혼술세트.png',12900,1);
Insert into MENU (MENU_ID,CATEGORY_ID,MENU_NAME,MENU_INFO,MENU_PHOTO,PRICE,ENABLE) values (19,8,'육회+생연어','（연어유부초밥 2p)＋육회 150g＋연어사시미 15p','육회+생연어.png',29900,1);
Insert into MENU (MENU_ID,CATEGORY_ID,MENU_NAME,MENU_INFO,MENU_PHOTO,PRICE,ENABLE) values (20,9,'연어비빔밥','연어비빔밥＋비빔소스＋장국','연어비빔밥.png',12000,1);
Insert into MENU (MENU_ID,CATEGORY_ID,MENU_NAME,MENU_INFO,MENU_PHOTO,PRICE,ENABLE) values (21,9,'육연어비빔밥','육연비빔밥＋장국','육연어비빔밥.png',12000,1);
Insert into MENU (MENU_ID,CATEGORY_ID,MENU_NAME,MENU_INFO,MENU_PHOTO,PRICE,ENABLE) values (22,10,'1인 돼지김치찜','-','1인돼지김치찜.png',18500,1);
Insert into MENU (MENU_ID,CATEGORY_ID,MENU_NAME,MENU_INFO,MENU_PHOTO,PRICE,ENABLE) values (23,10,'1인 스팸김치찜','-','1인스팸김치찜.png',17500,1);
Insert into MENU (MENU_ID,CATEGORY_ID,MENU_NAME,MENU_INFO,MENU_PHOTO,PRICE,ENABLE) values (24,11,'1인 돼지김치찜','-','1인돼지김치찜.png',18500,1);
Insert into MENU (MENU_ID,CATEGORY_ID,MENU_NAME,MENU_INFO,MENU_PHOTO,PRICE,ENABLE) values (25,11,'1인 스팸김치찜','-','1인스팸김치찜.png',17500,1);
Insert into MENU (MENU_ID,CATEGORY_ID,MENU_NAME,MENU_INFO,MENU_PHOTO,PRICE,ENABLE) values (26,12,'제주 흑돼지 볶음','-','제주흑돼지볶음.png',9400,1);
Insert into MENU (MENU_ID,CATEGORY_ID,MENU_NAME,MENU_INFO,MENU_PHOTO,PRICE,ENABLE) values (27,12,'칼집삼겹 도시락','-','칼집삼겹도시락.png',9900,1);
Insert into MENU (MENU_ID,CATEGORY_ID,MENU_NAME,MENU_INFO,MENU_PHOTO,PRICE,ENABLE) values (28,13,'[여름별미]녹진한삼계탕','삼계탕+김치','[여름별미]녹진한삼계탕.png',9400,1);
Insert into MENU (MENU_ID,CATEGORY_ID,MENU_NAME,MENU_INFO,MENU_PHOTO,PRICE,ENABLE) values (29,13,'차돌부대찌개','메뉴 선택','차돌부대찌개.png',9900,1);
Insert into MENU (MENU_ID,CATEGORY_ID,MENU_NAME,MENU_INFO,MENU_PHOTO,PRICE,ENABLE) values (30,14,'RED돼지국밥','깍두기＋공기밥＋부추무침＋무말랭이 또는 마늘짱아치＋소면 제공
조리 선택／추가 선택 가능','RED돼지국밥.png',9000,1);
Insert into MENU (MENU_ID,CATEGORY_ID,MENU_NAME,MENU_INFO,MENU_PHOTO,PRICE,ENABLE) values (31,14,'RED순대국밥','깍두기＋공기밥＋부추무침＋무말랭이 또는 마늘짱아치＋소면 제공
조리 선택／추가 선택 가능','RED순대국밥.png',10000,1);
Insert into MENU (MENU_ID,CATEGORY_ID,MENU_NAME,MENU_INFO,MENU_PHOTO,PRICE,ENABLE) values (32,15,'물냉면 곱배기','-','물냉면곱배기.png',11000,1);
Insert into MENU (MENU_ID,CATEGORY_ID,MENU_NAME,MENU_INFO,MENU_PHOTO,PRICE,ENABLE) values (33,15,'비빔냉면 곱배기','-','비빔냉면곱배기.png',11000,1);
Insert into MENU (MENU_ID,CATEGORY_ID,MENU_NAME,MENU_INFO,MENU_PHOTO,PRICE,ENABLE) values (34,16,'(1인)고기 메뉴','(고기250g＋쌈장＋밥＋김치찌개） 고기 선택','(1인)고기메뉴.png',13000,1);
Insert into MENU (MENU_ID,CATEGORY_ID,MENU_NAME,MENU_INFO,MENU_PHOTO,PRICE,ENABLE) values (35,16,'(1인)냉면 고기 세트','(고기 250g＋3종반찬 단무지＋깍두기＋쌈장＋냉면）
고기 선택／냉면 선택','(1인)냉면 고기 세트.png',14900,1);
Insert into MENU (MENU_ID,CATEGORY_ID,MENU_NAME,MENU_INFO,MENU_PHOTO,PRICE,ENABLE) values (36,17,'물비빔냉면','-','물비빔냉면.png',10000,1);
Insert into MENU (MENU_ID,CATEGORY_ID,MENU_NAME,MENU_INFO,MENU_PHOTO,PRICE,ENABLE) values (37,18,'고르곤졸라피자M','-','고르곤졸라피자M.png',12000,1);
Insert into MENU (MENU_ID,CATEGORY_ID,MENU_NAME,MENU_INFO,MENU_PHOTO,PRICE,ENABLE) values (38,18,'이태리 콤보','6인치피자（피자 중 택1）＋크림까르보나라파스타＋음료','이태리콤보.png',17000,1);
Insert into MENU (MENU_ID,CATEGORY_ID,MENU_NAME,MENU_INFO,MENU_PHOTO,PRICE,ENABLE) values (39,19,'크림까르보나라파스타','-','크림까르보나라파스타.png',10000,1);
Insert into MENU (MENU_ID,CATEGORY_ID,MENU_NAME,MENU_INFO,MENU_PHOTO,PRICE,ENABLE) values (40,19,'베이컨토마토파스타','-','베이컨토마토파스타.png',10000,1);
Insert into MENU (MENU_ID,CATEGORY_ID,MENU_NAME,MENU_INFO,MENU_PHOTO,PRICE,ENABLE) values (41,20,'서울김밥','-','서울김밥.png',4000,1);
Insert into MENU (MENU_ID,CATEGORY_ID,MENU_NAME,MENU_INFO,MENU_PHOTO,PRICE,ENABLE) values (42,20,'쫄면','-','쫄면.png',7000,1);
Insert into MENU (MENU_ID,CATEGORY_ID,MENU_NAME,MENU_INFO,MENU_PHOTO,PRICE,ENABLE) values (43,21,'오징어덮밥','-','오징어덮밥.png',4000,1);
Insert into MENU (MENU_ID,CATEGORY_ID,MENU_NAME,MENU_INFO,MENU_PHOTO,PRICE,ENABLE) values (44,21,'불고기덮밥','-','불고기덮밥.png',7000,1);
Insert into MENU (MENU_ID,CATEGORY_ID,MENU_NAME,MENU_INFO,MENU_PHOTO,PRICE,ENABLE) values (45,22,'감바스','올리브 오일에 마늘이 퐁당. 그 안에서 샤워한 새우를 빵과 와인과 함께 즐기시는 메뉴','감바스.png',12000,1);
Insert into MENU (MENU_ID,CATEGORY_ID,MENU_NAME,MENU_INFO,MENU_PHOTO,PRICE,ENABLE) values (46,22,'새우크림파스타','생크림의 진한 풍미','새우크림파스타.png',12000,1);
Insert into MENU (MENU_ID,CATEGORY_ID,MENU_NAME,MENU_INFO,MENU_PHOTO,PRICE,ENABLE) values (47,23,'새우 로제 파스타','토마토와 생크림의 로제파스타','새우로제파스타.png',10900,1);
Insert into MENU (MENU_ID,CATEGORY_ID,MENU_NAME,MENU_INFO,MENU_PHOTO,PRICE,ENABLE) values (48,23,'토마토 치즈 그라탕','베이컨 토마토 소스와 밥과 치즈의 만남','토마토치즈그라탕.png',10900,1);
Insert into MENU (MENU_ID,CATEGORY_ID,MENU_NAME,MENU_INFO,MENU_PHOTO,PRICE,ENABLE) values (49,24,'페퍼로니 피자M','페퍼로니와 모짜렐라 치즈의 만남, 비스트로피자의 베스트메뉴','페퍼로니피자M.png',15900,1);
Insert into MENU (MENU_ID,CATEGORY_ID,MENU_NAME,MENU_INFO,MENU_PHOTO,PRICE,ENABLE) values (50,24,'반반피자 L','-','반반피자L.png',20900,1);
Insert into MENU (MENU_ID,CATEGORY_ID,MENU_NAME,MENU_INFO,MENU_PHOTO,PRICE,ENABLE) values (51,25,'치즈피자 M','-','치즈피자M.png',15900,1);
Insert into MENU (MENU_ID,CATEGORY_ID,MENU_NAME,MENU_INFO,MENU_PHOTO,PRICE,ENABLE) values (52,25,'페퍼로니 피자M','페퍼로니와 모짜렐라 치즈의 만남','페퍼로니피자M.png',15900,1);
Insert into MENU (MENU_ID,CATEGORY_ID,MENU_NAME,MENU_INFO,MENU_PHOTO,PRICE,ENABLE) values (53,26,'고추바사삭','고추바사삭+고블링소스+마블링소스+치킨무','고추바사삭.png',18000,1);
Insert into MENU (MENU_ID,CATEGORY_ID,MENU_NAME,MENU_INFO,MENU_PHOTO,PRICE,ENABLE) values (54,26,'오리지널','오리지널+달콤소스+치킨무','오리지널.png',16000,1);
Insert into MENU (MENU_ID,CATEGORY_ID,MENU_NAME,MENU_INFO,MENU_PHOTO,PRICE,ENABLE) values (55,27,'오븐바사삭','오븐바사삭+러블링소스+각무','오븐바사삭.png',17000,1);
Insert into MENU (MENU_ID,CATEGORY_ID,MENU_NAME,MENU_INFO,MENU_PHOTO,PRICE,ENABLE) values (56,27,'오븐바사삭순살','오븐바사삭순살+러블링소스+각무','오븐바사삭순살.png',17000,1);
Insert into MENU (MENU_ID,CATEGORY_ID,MENU_NAME,MENU_INFO,MENU_PHOTO,PRICE,ENABLE) values (57,28,'반반치킨','후라이드와 양념을 따로따로 조리하는 멕시카나만의 특별한 반반치킨','반반치킨.png',18000,1);
Insert into MENU (MENU_ID,CATEGORY_ID,MENU_NAME,MENU_INFO,MENU_PHOTO,PRICE,ENABLE) values (58,28,'후라이드치킨','바삭바삭~ 소리까지 맛있는 오리지날 후라이드치킨','후라이드치킨.png',17000,1);
Insert into MENU (MENU_ID,CATEGORY_ID,MENU_NAME,MENU_INFO,MENU_PHOTO,PRICE,ENABLE) values (59,29,'리얼치킨꿔바로우','쫀득한 찹쌀피 속 육즙 터지는 부드러운 순살 닭 가슴살과 과일이 들어간 소스로 새콤달콤한 맛!','리얼치킨꿔바로우.png',20000,1);
Insert into MENU (MENU_ID,CATEGORY_ID,MENU_NAME,MENU_INFO,MENU_PHOTO,PRICE,ENABLE) values (60,29,'어향요리치킨','프리미엄 중화 소스에 피망과 양파를 더해 한국인이 사랑하는 중화요리의 맛!','어향요리치킨.png',20000,1);
Insert into MENU (MENU_ID,CATEGORY_ID,MENU_NAME,MENU_INFO,MENU_PHOTO,PRICE,ENABLE) values (61,30,'수퍼파파스오리지널크러스트L','고기와 야채가 듬뿍 토핑된 파파존스의 명품 피자','수퍼파파스오리지널크러스트L.png',28000,1);
Insert into MENU (MENU_ID,CATEGORY_ID,MENU_NAME,MENU_INFO,MENU_PHOTO,PRICE,ENABLE) values (62,30,'폴드포크바베큐크러스트L','진한 맥앤치즈 소스 위에 부르더운 폴드포크','폴드포크바베큐크러스트L.png',28000,1);
Insert into MENU (MENU_ID,CATEGORY_ID,MENU_NAME,MENU_INFO,MENU_PHOTO,PRICE,ENABLE) values (63,31,'올미트치즈롤크러스트L','페퍼로니, 햄, 이탈리안 소시지, 엄선된 쇠고기까지 꽉 채운 환상의 미트 피자','올미트치즈롤크러스트L.png',27000,1);
Insert into MENU (MENU_ID,CATEGORY_ID,MENU_NAME,MENU_INFO,MENU_PHOTO,PRICE,ENABLE) values (64,31,'페퍼로니치즈롤크러스트L','단순해서 더 빠져드는 매력','페퍼로니치즈롤크러스트L.png',27000,1);
Insert into MENU (MENU_ID,CATEGORY_ID,MENU_NAME,MENU_INFO,MENU_PHOTO,PRICE,ENABLE) values (65,32,'뉴욕버거 세트','신선한 채소 부드러운 참께빵 케찹／머스타드마요 소스의 조화 대표버거','뉴욕버거세트.png',7400,1);
Insert into MENU (MENU_ID,CATEGORY_ID,MENU_NAME,MENU_INFO,MENU_PHOTO,PRICE,ENABLE) values (66,32,'[버거맛집]싱글세트','버거 선택 ＋순살컵치킨 ＋ 케이준후렌치후라이L＋달콤양념소스 ＋콜라1잔','[버거맛집]싱글세트.png',12000,1);
Insert into MENU (MENU_ID,CATEGORY_ID,MENU_NAME,MENU_INFO,MENU_PHOTO,PRICE,ENABLE) values (67,33,'뉴욕버거','신선한 채소 부드러운 참께빵 케찹／머스타드마요 소스의 조화 대표버거','뉴욕버거.png',4400,1);
Insert into MENU (MENU_ID,CATEGORY_ID,MENU_NAME,MENU_INFO,MENU_PHOTO,PRICE,ENABLE) values (68,33,'칠리치킨버거','새콤달콤한 칠리치킨','칠리치킨버거.png',4000,1);
Insert into MENU (MENU_ID,CATEGORY_ID,MENU_NAME,MENU_INFO,MENU_PHOTO,PRICE,ENABLE) values (69,34,'싸이버거세트','매콤한 통다리살 패티가 통째로~','싸이버거세트.png',6200,1);
Insert into MENU (MENU_ID,CATEGORY_ID,MENU_NAME,MENU_INFO,MENU_PHOTO,PRICE,ENABLE) values (70,34,'싸이버거단품','매콤한 통다리살 패티가 통째로~','싸이버거단품.png',4000,1);
Insert into MENU (MENU_ID,CATEGORY_ID,MENU_NAME,MENU_INFO,MENU_PHOTO,PRICE,ENABLE) values (71,35,'모코코생파세트','[한정판매] 로스트아크 콜라보 - 모코코피규어＋게임쿠폰＋버거＋싸이순살＋케이준양념감자＋콜라1','모코코생파세트.png',17900,1);
Insert into MENU (MENU_ID,CATEGORY_ID,MENU_NAME,MENU_INFO,MENU_PHOTO,PRICE,ENABLE) values (72,36,'모둠보쌈','원할머니의 대표메뉴로 보쌈고기와 다양한 김치, 쌈류를 즐기실 수 있습니다','모둠보쌈.png',34000,1);
Insert into MENU (MENU_ID,CATEGORY_ID,MENU_NAME,MENU_INFO,MENU_PHOTO,PRICE,ENABLE) values (73,36,'의성마늘떡보쌈','국내토종품종인 의성마늘소스와 오색쌈떡','의성마늘떡보쌈.png',34000,1);
Insert into MENU (MENU_ID,CATEGORY_ID,MENU_NAME,MENU_INFO,MENU_PHOTO,PRICE,ENABLE) values (74,37,'1인보쌈','혼자서 보쌈고기와 보쌈김치를 드시고 싶으면 고객님께 추천 합니다!','1인보쌈.png',18000,1);
Insert into MENU (MENU_ID,CATEGORY_ID,MENU_NAME,MENU_INFO,MENU_PHOTO,PRICE,ENABLE) values (75,38,'팬수퍼수프림L','오랫동안 사랑받아온 정통 콤비네이션으로 기름에 튀기듯 구운 팬피자','팬수퍼수프림L.png',29000,1);
Insert into MENU (MENU_ID,CATEGORY_ID,MENU_NAME,MENU_INFO,MENU_PHOTO,PRICE,ENABLE) values (76,38,'마니아오리지널수프림L','전 세계적으로 오랫동안 사랑받고 있는 오리지널 슈프림 피자 피자','마니아오리지널수프림L.png',29000,1);
Insert into MENU (MENU_ID,CATEGORY_ID,MENU_NAME,MENU_INFO,MENU_PHOTO,PRICE,ENABLE) values (77,39,'불고기앤슈프림L','피자의 정석 수퍼슈프림과 남녀노소 좋아하는 불고기를 한 판으로 다양하게 즐기는 하프앤하프','불고기앤슈프림L.png',35000,1);
Insert into MENU (MENU_ID,CATEGORY_ID,MENU_NAME,MENU_INFO,MENU_PHOTO,PRICE,ENABLE) values (78,39,'립스테이크앤쉬림프L','갈비맛 스테이크와 케이준 쉬림프 토핑을 한 판으로!','립스테이크앤쉬림프L.png',35000,1);
Insert into MENU (MENU_ID,CATEGORY_ID,MENU_NAME,MENU_INFO,MENU_PHOTO,PRICE,ENABLE) values (79,40,'쿼터','4가지 맛의 아이스크림이 선택가능한 쿼터 사이즈!','쿼터.png',18000,1);
REM INSERTING into MENU_CATEGORY
SET DEFINE OFF;
Insert into MENU_CATEGORY (CATEGORY_ID,CATEGORY_NAME,RST_ID) values (1,'인기메뉴',10000);
Insert into MENU_CATEGORY (CATEGORY_ID,CATEGORY_NAME,RST_ID) values (2,'1인분주문',10000);
Insert into MENU_CATEGORY (CATEGORY_ID,CATEGORY_NAME,RST_ID) values (3,'나혼자 산다:밥편 메뉴',10000);
Insert into MENU_CATEGORY (CATEGORY_ID,CATEGORY_NAME,RST_ID) values (4,'나혼자 산다:국수편 메뉴',10000);
Insert into MENU_CATEGORY (CATEGORY_ID,CATEGORY_NAME,RST_ID) values (5,'밥 메뉴',10000);
Insert into MENU_CATEGORY (CATEGORY_ID,CATEGORY_NAME,RST_ID) values (6,'인기메뉴',10001);
Insert into MENU_CATEGORY (CATEGORY_ID,CATEGORY_NAME,RST_ID) values (7,'1인분주문',10001);
Insert into MENU_CATEGORY (CATEGORY_ID,CATEGORY_NAME,RST_ID) values (8,'인기메뉴',10002);
Insert into MENU_CATEGORY (CATEGORY_ID,CATEGORY_NAME,RST_ID) values (9,'1인분주문',10002);
Insert into MENU_CATEGORY (CATEGORY_ID,CATEGORY_NAME,RST_ID) values (10,'인기메뉴',10003);
Insert into MENU_CATEGORY (CATEGORY_ID,CATEGORY_NAME,RST_ID) values (11,'1인 김치찜메뉴',10003);
Insert into MENU_CATEGORY (CATEGORY_ID,CATEGORY_NAME,RST_ID) values (12,'인기메뉴',10004);
Insert into MENU_CATEGORY (CATEGORY_ID,CATEGORY_NAME,RST_ID) values (13,'1인분주문',10004);
Insert into MENU_CATEGORY (CATEGORY_ID,CATEGORY_NAME,RST_ID) values (14,'인기메뉴',10005);
Insert into MENU_CATEGORY (CATEGORY_ID,CATEGORY_NAME,RST_ID) values (15,'1인분주문',10005);
Insert into MENU_CATEGORY (CATEGORY_ID,CATEGORY_NAME,RST_ID) values (16,'인기메뉴',10006);
Insert into MENU_CATEGORY (CATEGORY_ID,CATEGORY_NAME,RST_ID) values (17,'1인분주문',10006);
Insert into MENU_CATEGORY (CATEGORY_ID,CATEGORY_NAME,RST_ID) values (18,'인기메뉴',10007);
Insert into MENU_CATEGORY (CATEGORY_ID,CATEGORY_NAME,RST_ID) values (19,'1인분주문',10007);
Insert into MENU_CATEGORY (CATEGORY_ID,CATEGORY_NAME,RST_ID) values (20,'인기메뉴',10008);
Insert into MENU_CATEGORY (CATEGORY_ID,CATEGORY_NAME,RST_ID) values (21,'1인분주문',10008);
Insert into MENU_CATEGORY (CATEGORY_ID,CATEGORY_NAME,RST_ID) values (22,'인기메뉴',10009);
Insert into MENU_CATEGORY (CATEGORY_ID,CATEGORY_NAME,RST_ID) values (23,'1인분주문',10009);
Insert into MENU_CATEGORY (CATEGORY_ID,CATEGORY_NAME,RST_ID) values (24,'인기메뉴',10010);
Insert into MENU_CATEGORY (CATEGORY_ID,CATEGORY_NAME,RST_ID) values (25,'피자M 메뉴',10010);
Insert into MENU_CATEGORY (CATEGORY_ID,CATEGORY_NAME,RST_ID) values (26,'인기메뉴',10011);
Insert into MENU_CATEGORY (CATEGORY_ID,CATEGORY_NAME,RST_ID) values (27,'신메뉴',10011);
Insert into MENU_CATEGORY (CATEGORY_ID,CATEGORY_NAME,RST_ID) values (28,'인기메뉴',10012);
Insert into MENU_CATEGORY (CATEGORY_ID,CATEGORY_NAME,RST_ID) values (29,'웍셔리(WOK-xury)',10012);
Insert into MENU_CATEGORY (CATEGORY_ID,CATEGORY_NAME,RST_ID) values (30,'인기메뉴',10013);
Insert into MENU_CATEGORY (CATEGORY_ID,CATEGORY_NAME,RST_ID) values (31,'치즈롤 크러스트 라지',10013);
Insert into MENU_CATEGORY (CATEGORY_ID,CATEGORY_NAME,RST_ID) values (32,'인기메뉴',10014);
Insert into MENU_CATEGORY (CATEGORY_ID,CATEGORY_NAME,RST_ID) values (33,'버거',10014);
Insert into MENU_CATEGORY (CATEGORY_ID,CATEGORY_NAME,RST_ID) values (34,'인기메뉴',10015);
Insert into MENU_CATEGORY (CATEGORY_ID,CATEGORY_NAME,RST_ID) values (35,'모코코세트',10015);
Insert into MENU_CATEGORY (CATEGORY_ID,CATEGORY_NAME,RST_ID) values (36,'인기메뉴',10016);
Insert into MENU_CATEGORY (CATEGORY_ID,CATEGORY_NAME,RST_ID) values (37,'1인 보쌈',10016);
Insert into MENU_CATEGORY (CATEGORY_ID,CATEGORY_NAME,RST_ID) values (38,'인기메뉴',10017);
Insert into MENU_CATEGORY (CATEGORY_ID,CATEGORY_NAME,RST_ID) values (39,'NEW 프리미엄 피자',10017);
Insert into MENU_CATEGORY (CATEGORY_ID,CATEGORY_NAME,RST_ID) values (40,'인기메뉴',10018);
Insert into MENU_CATEGORY (CATEGORY_ID,CATEGORY_NAME,RST_ID) values (41,'세트',10018);
Insert into MENU_CATEGORY (CATEGORY_ID,CATEGORY_NAME,RST_ID) values (42,'인기메뉴',10019);
Insert into MENU_CATEGORY (CATEGORY_ID,CATEGORY_NAME,RST_ID) values (43,'세트메뉴',10019);
Insert into MENU_CATEGORY (CATEGORY_ID,CATEGORY_NAME,RST_ID) values (44,'인기메뉴',10020);
Insert into MENU_CATEGORY (CATEGORY_ID,CATEGORY_NAME,RST_ID) values (45,'치킨',10020);
Insert into MENU_CATEGORY (CATEGORY_ID,CATEGORY_NAME,RST_ID) values (46,'인기메뉴',10021);
Insert into MENU_CATEGORY (CATEGORY_ID,CATEGORY_NAME,RST_ID) values (47,'네네 반반시리즈',10021);
Insert into MENU_CATEGORY (CATEGORY_ID,CATEGORY_NAME,RST_ID) values (48,'인기메뉴',10022);
Insert into MENU_CATEGORY (CATEGORY_ID,CATEGORY_NAME,RST_ID) values (49,'신메뉴',10022);
Insert into MENU_CATEGORY (CATEGORY_ID,CATEGORY_NAME,RST_ID) values (50,'인기메뉴',10023);
Insert into MENU_CATEGORY (CATEGORY_ID,CATEGORY_NAME,RST_ID) values (51,'웍셔리(WOK-xury)',10023);
Insert into MENU_CATEGORY (CATEGORY_ID,CATEGORY_NAME,RST_ID) values (52,'인기메뉴',10024);
Insert into MENU_CATEGORY (CATEGORY_ID,CATEGORY_NAME,RST_ID) values (53,'버거',10024);
Insert into MENU_CATEGORY (CATEGORY_ID,CATEGORY_NAME,RST_ID) values (54,'인기메뉴',10025);
Insert into MENU_CATEGORY (CATEGORY_ID,CATEGORY_NAME,RST_ID) values (55,'모코코세트',10025);
Insert into MENU_CATEGORY (CATEGORY_ID,CATEGORY_NAME,RST_ID) values (56,'인기메뉴',10026);
Insert into MENU_CATEGORY (CATEGORY_ID,CATEGORY_NAME,RST_ID) values (57,'한마리메뉴',10026);
Insert into MENU_CATEGORY (CATEGORY_ID,CATEGORY_NAME,RST_ID) values (58,'인기메뉴',10027);
Insert into MENU_CATEGORY (CATEGORY_ID,CATEGORY_NAME,RST_ID) values (59,'한마리메뉴',10027);
Insert into MENU_CATEGORY (CATEGORY_ID,CATEGORY_NAME,RST_ID) values (60,'인기메뉴',10028);
Insert into MENU_CATEGORY (CATEGORY_ID,CATEGORY_NAME,RST_ID) values (61,'떡닭세트',10028);
Insert into MENU_CATEGORY (CATEGORY_ID,CATEGORY_NAME,RST_ID) values (62,'인기메뉴',10029);
Insert into MENU_CATEGORY (CATEGORY_ID,CATEGORY_NAME,RST_ID) values (63,'세트메뉴',10029);
Insert into MENU_CATEGORY (CATEGORY_ID,CATEGORY_NAME,RST_ID) values (64,'인기메뉴',10030);
Insert into MENU_CATEGORY (CATEGORY_ID,CATEGORY_NAME,RST_ID) values (65,'1인분주문',10030);
Insert into MENU_CATEGORY (CATEGORY_ID,CATEGORY_NAME,RST_ID) values (66,'인기메뉴',10031);
Insert into MENU_CATEGORY (CATEGORY_ID,CATEGORY_NAME,RST_ID) values (67,'피자M 메뉴',10031);
Insert into MENU_CATEGORY (CATEGORY_ID,CATEGORY_NAME,RST_ID) values (68,'인기메뉴',10032);
Insert into MENU_CATEGORY (CATEGORY_ID,CATEGORY_NAME,RST_ID) values (69,'신메뉴',10032);
Insert into MENU_CATEGORY (CATEGORY_ID,CATEGORY_NAME,RST_ID) values (70,'인기메뉴',10033);
Insert into MENU_CATEGORY (CATEGORY_ID,CATEGORY_NAME,RST_ID) values (71,'신메뉴',10033);
Insert into MENU_CATEGORY (CATEGORY_ID,CATEGORY_NAME,RST_ID) values (72,'인기메뉴',10034);
Insert into MENU_CATEGORY (CATEGORY_ID,CATEGORY_NAME,RST_ID) values (73,'신메뉴',10034);
Insert into MENU_CATEGORY (CATEGORY_ID,CATEGORY_NAME,RST_ID) values (74,'인기메뉴',10035);
Insert into MENU_CATEGORY (CATEGORY_ID,CATEGORY_NAME,RST_ID) values (75,'신메뉴',10035);
Insert into MENU_CATEGORY (CATEGORY_ID,CATEGORY_NAME,RST_ID) values (76,'인기메뉴',10036);
Insert into MENU_CATEGORY (CATEGORY_ID,CATEGORY_NAME,RST_ID) values (77,'메인메뉴',10036);
Insert into MENU_CATEGORY (CATEGORY_ID,CATEGORY_NAME,RST_ID) values (78,'인기메뉴',10037);
Insert into MENU_CATEGORY (CATEGORY_ID,CATEGORY_NAME,RST_ID) values (79,'메인메뉴',10037);
Insert into MENU_CATEGORY (CATEGORY_ID,CATEGORY_NAME,RST_ID) values (80,'인기메뉴',10038);
Insert into MENU_CATEGORY (CATEGORY_ID,CATEGORY_NAME,RST_ID) values (81,'메인메뉴',10038);
Insert into MENU_CATEGORY (CATEGORY_ID,CATEGORY_NAME,RST_ID) values (82,'인기메뉴',10039);
Insert into MENU_CATEGORY (CATEGORY_ID,CATEGORY_NAME,RST_ID) values (83,'메인메뉴',10039);
REM INSERTING into MENU_OPTION
SET DEFINE OFF;
Insert into MENU_OPTION (MENU_ID,GROUP_ID) values (1,1);
REM INSERTING into NONMEMBER
SET DEFINE OFF;
REM INSERTING into NOTICE
SET DEFINE OFF;
Insert into NOTICE (NOTICE_NUMBER,WRITER,REGIST_DATE,TITLE,CONTENT,CATEGORY,FILENAME) values (2,'admin1',to_date('22/08/31','RR/MM/DD'),'테스트공지2','테스트공지2입니다.',1,null);
Insert into NOTICE (NOTICE_NUMBER,WRITER,REGIST_DATE,TITLE,CONTENT,CATEGORY,FILENAME) values (3,'admin1',to_date('22/08/31','RR/MM/DD'),'테스트공지3','테스트공지3입니다.',1,null);
Insert into NOTICE (NOTICE_NUMBER,WRITER,REGIST_DATE,TITLE,CONTENT,CATEGORY,FILENAME) values (17,'admin1',to_date('22/09/03','RR/MM/DD'),'공지작성 테스트','공지작성을 테스트합니다
공지작성을 테스트합니다
공지작성을 테스트합니다
공지작성을 테스트합니다
공지작성을 테스트합니다
공지작성을 테스트합니다
공지작성을 테스트합니다
공지작성을 테스트합니다',1,'22981662143690050.gif');
REM INSERTING into OPTION_GROUP
SET DEFINE OFF;
Insert into OPTION_GROUP (GROUP_ID,RST_ID,GROUP_NAME,ESSENTIAL) values (1,10000,'추가 선택',0);
REM INSERTING into OPTION_INFO
SET DEFINE OFF;
Insert into OPTION_INFO (OPTION_ID,GROUP_ID,OPTION_NAME,PRICE,ENABLE) values (1,1,'경성잡채 추가',7900,1);
Insert into OPTION_INFO (OPTION_ID,GROUP_ID,OPTION_NAME,PRICE,ENABLE) values (2,1,'밥 한 공기 추가',1000,1);
REM INSERTING into ORDERED_OPTION
SET DEFINE OFF;
Insert into ORDERED_OPTION (BUNDLE_ID,OPTION_ID) values (20,1);
Insert into ORDERED_OPTION (BUNDLE_ID,OPTION_ID) values (20,2);
Insert into ORDERED_OPTION (BUNDLE_ID,OPTION_ID) values (20,3);
Insert into ORDERED_OPTION (BUNDLE_ID,OPTION_ID) values (22,3);
Insert into ORDERED_OPTION (BUNDLE_ID,OPTION_ID) values (22,6);
Insert into ORDERED_OPTION (BUNDLE_ID,OPTION_ID) values (32,2);
REM INSERTING into ORDER_DETAIL
SET DEFINE OFF;
Insert into ORDER_DETAIL (ORDER_NUMBER,MENU_ID,BUNDLE_ID,QUANTITY) values ('2022-0314-171117183',2,null,1);
Insert into ORDER_DETAIL (ORDER_NUMBER,MENU_ID,BUNDLE_ID,QUANTITY) values ('2022-0314-171117183',5,null,1);
Insert into ORDER_DETAIL (ORDER_NUMBER,MENU_ID,BUNDLE_ID,QUANTITY) values ('2022-0314-171117183',7,null,1);
Insert into ORDER_DETAIL (ORDER_NUMBER,MENU_ID,BUNDLE_ID,QUANTITY) values ('2022-0314-171117183',8,null,1);
Insert into ORDER_DETAIL (ORDER_NUMBER,MENU_ID,BUNDLE_ID,QUANTITY) values ('2022-0314-171303465',2,null,1);
Insert into ORDER_DETAIL (ORDER_NUMBER,MENU_ID,BUNDLE_ID,QUANTITY) values ('2022-0314-171303465',7,null,2);
Insert into ORDER_DETAIL (ORDER_NUMBER,MENU_ID,BUNDLE_ID,QUANTITY) values ('2022-0314-171303465',8,null,1);
Insert into ORDER_DETAIL (ORDER_NUMBER,MENU_ID,BUNDLE_ID,QUANTITY) values ('2022-0502-002942952',74,null,1);
Insert into ORDER_DETAIL (ORDER_NUMBER,MENU_ID,BUNDLE_ID,QUANTITY) values ('2022-0502-003257459',155,null,1);
Insert into ORDER_DETAIL (ORDER_NUMBER,MENU_ID,BUNDLE_ID,QUANTITY) values ('2022-0502-010443362',65,null,1);
Insert into ORDER_DETAIL (ORDER_NUMBER,MENU_ID,BUNDLE_ID,QUANTITY) values ('2022-0502-010443362',67,null,1);
Insert into ORDER_DETAIL (ORDER_NUMBER,MENU_ID,BUNDLE_ID,QUANTITY) values ('2022-0502-010443362',68,null,1);
Insert into ORDER_DETAIL (ORDER_NUMBER,MENU_ID,BUNDLE_ID,QUANTITY) values ('2022-0430-102743721',77,null,1);
Insert into ORDER_DETAIL (ORDER_NUMBER,MENU_ID,BUNDLE_ID,QUANTITY) values ('2022-0501-114429837',106,null,2);
Insert into ORDER_DETAIL (ORDER_NUMBER,MENU_ID,BUNDLE_ID,QUANTITY) values ('2022-0314-171857777',2,null,1);
Insert into ORDER_DETAIL (ORDER_NUMBER,MENU_ID,BUNDLE_ID,QUANTITY) values ('2022-0314-171857777',7,null,2);
Insert into ORDER_DETAIL (ORDER_NUMBER,MENU_ID,BUNDLE_ID,QUANTITY) values ('2022-0314-171857777',8,null,1);
Insert into ORDER_DETAIL (ORDER_NUMBER,MENU_ID,BUNDLE_ID,QUANTITY) values ('2022-0501-114429837',107,null,2);
Insert into ORDER_DETAIL (ORDER_NUMBER,MENU_ID,BUNDLE_ID,QUANTITY) values ('2022-0501-204653775',10,null,1);
Insert into ORDER_DETAIL (ORDER_NUMBER,MENU_ID,BUNDLE_ID,QUANTITY) values ('2022-0314-171228685',3,null,3);
Insert into ORDER_DETAIL (ORDER_NUMBER,MENU_ID,BUNDLE_ID,QUANTITY) values ('2022-0428-173009645',91,null,1);
Insert into ORDER_DETAIL (ORDER_NUMBER,MENU_ID,BUNDLE_ID,QUANTITY) values ('2022-0428-173009645',92,null,1);
Insert into ORDER_DETAIL (ORDER_NUMBER,MENU_ID,BUNDLE_ID,QUANTITY) values ('2022-0314-210259035',2,null,1);
Insert into ORDER_DETAIL (ORDER_NUMBER,MENU_ID,BUNDLE_ID,QUANTITY) values ('2022-0314-210259035',5,null,1);
Insert into ORDER_DETAIL (ORDER_NUMBER,MENU_ID,BUNDLE_ID,QUANTITY) values ('2022-0314-210259035',6,null,1);
Insert into ORDER_DETAIL (ORDER_NUMBER,MENU_ID,BUNDLE_ID,QUANTITY) values ('2022-0314-210259035',7,null,1);
Insert into ORDER_DETAIL (ORDER_NUMBER,MENU_ID,BUNDLE_ID,QUANTITY) values ('2022-0314-210259035',8,null,1);
Insert into ORDER_DETAIL (ORDER_NUMBER,MENU_ID,BUNDLE_ID,QUANTITY) values ('2022-0502-013241165',9,null,1);
Insert into ORDER_DETAIL (ORDER_NUMBER,MENU_ID,BUNDLE_ID,QUANTITY) values ('2022-0501-115524960',59,null,2);
Insert into ORDER_DETAIL (ORDER_NUMBER,MENU_ID,BUNDLE_ID,QUANTITY) values ('2022-0501-115524960',60,null,1);
Insert into ORDER_DETAIL (ORDER_NUMBER,MENU_ID,BUNDLE_ID,QUANTITY) values ('2022-0501-120341272',125,null,1);
Insert into ORDER_DETAIL (ORDER_NUMBER,MENU_ID,BUNDLE_ID,QUANTITY) values ('2022-0428-164228593',1,32,1);
Insert into ORDER_DETAIL (ORDER_NUMBER,MENU_ID,BUNDLE_ID,QUANTITY) values ('2022-0428-164228593',3,null,2);
Insert into ORDER_DETAIL (ORDER_NUMBER,MENU_ID,BUNDLE_ID,QUANTITY) values ('2022-0428-164228593',4,null,1);
REM INSERTING into ORDER_HISTORY
SET DEFINE OFF;
Insert into ORDER_HISTORY (ORDER_NUMBER,ORDERER,DESTINATION,COUPON_ID,USED_POINT,PAYMENT_METHOD,PAY_DATE,ORDER_REQUEST,ORDER_STATUS,REASON_CANCELLATION) values ('2022-0502-002942952','test@test.com','서울 강남구 강남대로 298 ㅇㅇㅇㅇㅇㅇ',null,0,'스마일페이',to_timestamp('22/05/02 00:29:42.954000000','RR/MM/DD HH24:MI:SSXFF'),'ㅈㅂㄷㄱㄴㅁㅇㄻㄴㅇㅊ',1,null);
Insert into ORDER_HISTORY (ORDER_NUMBER,ORDERER,DESTINATION,COUPON_ID,USED_POINT,PAYMENT_METHOD,PAY_DATE,ORDER_REQUEST,ORDER_STATUS,REASON_CANCELLATION) values ('2022-0314-171117183','test1@test.com','서울',null,0,'신용카드',to_timestamp('22/03/14 17:11:17.611000000','RR/MM/DD HH24:MI:SSXFF'),'안전하게 와주세요',0,'잘못 주문했어요');
Insert into ORDER_HISTORY (ORDER_NUMBER,ORDERER,DESTINATION,COUPON_ID,USED_POINT,PAYMENT_METHOD,PAY_DATE,ORDER_REQUEST,ORDER_STATUS,REASON_CANCELLATION) values ('2022-0314-171303465','test@test.com','서울',null,0,'신용카드',to_timestamp('22/03/14 17:13:28.822000000','RR/MM/DD HH24:MI:SSXFF'),'안전하게 와주세요',1,null);
Insert into ORDER_HISTORY (ORDER_NUMBER,ORDERER,DESTINATION,COUPON_ID,USED_POINT,PAYMENT_METHOD,PAY_DATE,ORDER_REQUEST,ORDER_STATUS,REASON_CANCELLATION) values ('2022-0502-003257459','test@test.com','서울 강남구 강남대로 302 ㅁㄴㅇㄹㄴㅁㅇㄼㅂㅈㄷㄱ',null,0,'신용카드',to_timestamp('22/05/02 00:32:57.459000000','RR/MM/DD HH24:MI:SSXFF'),'ㅇㅇㅇㅇㅇㅇㅇㅇㅇ',1,null);
Insert into ORDER_HISTORY (ORDER_NUMBER,ORDERER,DESTINATION,COUPON_ID,USED_POINT,PAYMENT_METHOD,PAY_DATE,ORDER_REQUEST,ORDER_STATUS,REASON_CANCELLATION) values ('2022-0502-010443362','test@test.com','서울 은평구 증산로9길 36-5 ㄴㅁㅇㄻㄴㅇㄹ',null,0,'네이버페이',to_timestamp('22/05/02 01:04:43.362000000','RR/MM/DD HH24:MI:SSXFF'),'ㅇㅇㅇㅇㅇㅇㅇㅇ',1,null);
Insert into ORDER_HISTORY (ORDER_NUMBER,ORDERER,DESTINATION,COUPON_ID,USED_POINT,PAYMENT_METHOD,PAY_DATE,ORDER_REQUEST,ORDER_STATUS,REASON_CANCELLATION) values ('2022-0430-102743721','test@test.com','서울시 강남구 어쩌고저쩌고 대충 상세 주소임',null,0,'신용카드',to_timestamp('22/04/30 10:27:43.722000000','RR/MM/DD HH24:MI:SSXFF'),'ㅇㅇㅇㅇㅇㅇㅇㅇㅇ',0,null);
Insert into ORDER_HISTORY (ORDER_NUMBER,ORDERER,DESTINATION,COUPON_ID,USED_POINT,PAYMENT_METHOD,PAY_DATE,ORDER_REQUEST,ORDER_STATUS,REASON_CANCELLATION) values ('2022-0314-171857777','test@test.com','서울',null,0,'신용카드',to_timestamp('22/03/14 17:19:00.144000000','RR/MM/DD HH24:MI:SSXFF'),'안전하게 와주세요',1,null);
Insert into ORDER_HISTORY (ORDER_NUMBER,ORDERER,DESTINATION,COUPON_ID,USED_POINT,PAYMENT_METHOD,PAY_DATE,ORDER_REQUEST,ORDER_STATUS,REASON_CANCELLATION) values ('2022-0501-114429837','test@test.com','서울 강남구 어쩌고저쩌고 이러쿵저러쿵',null,4400,'스마일페이',to_timestamp('22/05/01 11:44:29.837000000','RR/MM/DD HH24:MI:SSXFF'),'어쩔저쩔',1,null);
Insert into ORDER_HISTORY (ORDER_NUMBER,ORDERER,DESTINATION,COUPON_ID,USED_POINT,PAYMENT_METHOD,PAY_DATE,ORDER_REQUEST,ORDER_STATUS,REASON_CANCELLATION) values ('2022-0501-204653775','test@test.com','서울 강남구 강남대로 298 상세주소',null,0,'스마일페이',to_timestamp('22/05/01 20:46:53.776000000','RR/MM/DD HH24:MI:SSXFF'),'요청사항ㅇㅇㅇ',1,null);
Insert into ORDER_HISTORY (ORDER_NUMBER,ORDERER,DESTINATION,COUPON_ID,USED_POINT,PAYMENT_METHOD,PAY_DATE,ORDER_REQUEST,ORDER_STATUS,REASON_CANCELLATION) values ('2022-0314-171228685','test2@test.com','서울',null,0,'신용카드',to_timestamp('22/03/14 17:12:29.300000000','RR/MM/DD HH24:MI:SSXFF'),'안전하게 와주세요',1,null);
Insert into ORDER_HISTORY (ORDER_NUMBER,ORDERER,DESTINATION,COUPON_ID,USED_POINT,PAYMENT_METHOD,PAY_DATE,ORDER_REQUEST,ORDER_STATUS,REASON_CANCELLATION) values ('2022-0314-210259035','test1@test.com','서울',null,2000,'신용카드',to_timestamp('22/04/22 21:02:59.546000000','RR/MM/DD HH24:MI:SSXFF'),'감사합니다',1,null);
Insert into ORDER_HISTORY (ORDER_NUMBER,ORDERER,DESTINATION,COUPON_ID,USED_POINT,PAYMENT_METHOD,PAY_DATE,ORDER_REQUEST,ORDER_STATUS,REASON_CANCELLATION) values ('2022-0428-173009645','test1@test.com','서울 강남구 강남대로 298 상세주소',null,0,'신용카드',to_timestamp('22/04/28 17:30:12.177000000','RR/MM/DD HH24:MI:SSXFF'),'요청사항',0,null);
Insert into ORDER_HISTORY (ORDER_NUMBER,ORDERER,DESTINATION,COUPON_ID,USED_POINT,PAYMENT_METHOD,PAY_DATE,ORDER_REQUEST,ORDER_STATUS,REASON_CANCELLATION) values ('2022-0502-013241165','test@test.com','서울 강남구 강남대로 298 ㅁㅁㅁㅁㅁㅁㅁㅁㅁㅁ',null,0,'네이버페이',to_timestamp('22/05/02 01:32:41.166000000','RR/MM/DD HH24:MI:SSXFF'),'ㄴㄴㄴㄴㄴㄴㄴㄴㄴ',0,null);
Insert into ORDER_HISTORY (ORDER_NUMBER,ORDERER,DESTINATION,COUPON_ID,USED_POINT,PAYMENT_METHOD,PAY_DATE,ORDER_REQUEST,ORDER_STATUS,REASON_CANCELLATION) values ('2022-0501-115524960','test@test.com','서울 강남구 강남대로 298 어쩔저쩔',null,0,'현금',to_timestamp('22/05/01 11:55:24.960000000','RR/MM/DD HH24:MI:SSXFF'),'대충쓰자그냥',1,null);
Insert into ORDER_HISTORY (ORDER_NUMBER,ORDERER,DESTINATION,COUPON_ID,USED_POINT,PAYMENT_METHOD,PAY_DATE,ORDER_REQUEST,ORDER_STATUS,REASON_CANCELLATION) values ('2022-0426-020711088','test1@test.com','서울',null,0,'신용카드',to_timestamp('22/04/26 02:07:11.088000000','RR/MM/DD HH24:MI:SSXFF'),'감사합니다',1,null);
Insert into ORDER_HISTORY (ORDER_NUMBER,ORDERER,DESTINATION,COUPON_ID,USED_POINT,PAYMENT_METHOD,PAY_DATE,ORDER_REQUEST,ORDER_STATUS,REASON_CANCELLATION) values ('2022-0428-164228593','test@test.com','서울 강남구 강남대로 298 12345',null,0,'스마일페이',to_timestamp('22/04/28 16:42:28.594000000','RR/MM/DD HH24:MI:SSXFF'),'요청사항 테스트',0,null);
Insert into ORDER_HISTORY (ORDER_NUMBER,ORDERER,DESTINATION,COUPON_ID,USED_POINT,PAYMENT_METHOD,PAY_DATE,ORDER_REQUEST,ORDER_STATUS,REASON_CANCELLATION) values ('2022-0501-120341272','test@test.com','서울 강남구 강남대로 298 글쎄올시다',null,0,'신용카드',to_timestamp('22/05/01 12:03:41.272000000','RR/MM/DD HH24:MI:SSXFF'),'ㅁㄴㅇㄹ',1,null);
REM INSERTING into OWNED_COUPON
SET DEFINE OFF;
Insert into OWNED_COUPON (COUPON_ID,OWNER_ID,AVAILABLE_COUNT) values ('testcoupon1','test@test.com',3);
Insert into OWNED_COUPON (COUPON_ID,OWNER_ID,AVAILABLE_COUNT) values ('testcoupon2','test@test.com',1);
Insert into OWNED_COUPON (COUPON_ID,OWNER_ID,AVAILABLE_COUNT) values ('testcoupon3','test@test.com',2);
Insert into OWNED_COUPON (COUPON_ID,OWNER_ID,AVAILABLE_COUNT) values ('testcoupon4','test@test.com',0);
REM INSERTING into REPLY
SET DEFINE OFF;
Insert into REPLY (REPLY_NUMBER,REVIEW_NUMBER,REGIST_DATE,CONTENT) values (6,5,to_date('22/03/17','RR/MM/DD'),'수정된 댓글5');
Insert into REPLY (REPLY_NUMBER,REVIEW_NUMBER,REGIST_DATE,CONTENT) values (7,2,to_date('22/03/17','RR/MM/DD'),'수정된 댓글6');
Insert into REPLY (REPLY_NUMBER,REVIEW_NUMBER,REGIST_DATE,CONTENT) values (8,4,to_date('22/03/17','RR/MM/DD'),'수정된 댓글3');
REM INSERTING into RESTAURANT
SET DEFINE OFF;
Insert into RESTAURANT (RST_ID,CATEGORY_ID,RST_NAME,PHONE,ADDRESS,MIN_ORDER,ORIGIN,HOURS,BUSSINESS_NUMBER,BUSSINESS_NAME,PAYMENTS,DELIVERY_TIP,RST_NOTICE,ESTIMATED_TIME,RST_PHOTO,RST_LOGO,ENABLE) values (10032,4,'굽네치킨앤피자','02-234-5648','서울특별시 강남구 역삼동 787',15000,'*치킨 전 메뉴(닭고기:국내산)
*바비큐 시카고 딥디쉬 피자(팝모짜렐라슈레드:독일산, 스모크포크다이스:미국산)
*페퍼로니 찹찹피자(모짜렐라치즈:외국산-미국/오스트리아/독일 등,페퍼로니:돼지고기(국내산,외국산-미국/아일랜드/스페인 등),쇠고기:호주산)
','11:00 - 23:00','35-342-6634','굽네치킨','네이버페이,차이,스마일페이,현장결제',4000,'고객님들께 맛있고 따뜻한 치킨을 빠르게 배달해드리기위해
도곡동,대치동,삼성동,논현동,개포동은 배달료 1,000원이 추가됩니다.','40분','굽네치킨앤피자1.png','굽네치킨앤피자2.png',1);
Insert into RESTAURANT (RST_ID,CATEGORY_ID,RST_NAME,PHONE,ADDRESS,MIN_ORDER,ORIGIN,HOURS,BUSSINESS_NUMBER,BUSSINESS_NAME,PAYMENTS,DELIVERY_TIP,RST_NOTICE,ESTIMATED_TIME,RST_PHOTO,RST_LOGO,ENABLE) values (10033,4,'파파존스','02-124-3123','서울특별시 강남구 역삼동 871-2',19000,'수퍼 파파스 : 이탈리안 소시지(돼지고기 [국산과 외국산(미국, 아일랜드,스페인 등)을 섞음]), 
페퍼로니(돼지고기 [국산], 쇠고기 [호주산]), 햄(돼지고기 [국산])
아이리쉬 포테이토 : 베이컨(돼지고기 [국산과 외국산(네덜란드, 스페인, 미국 등)을 섞음])
치킨 바베큐 : 그릴드 치킨(닭고기 [국산]), 베이컨(돼지고기 [국산과 외국산(네덜란드, 스페인, 미국 등)을 섞음])','16:00 - 23:00','220-34-663','파파존스역삼점','네이버페이,차이,스마일페이,현장결제',4000,'파파존스역삼점입니다.','40분','파파존스1.png','파파존스2.png',1);
Insert into RESTAURANT (RST_ID,CATEGORY_ID,RST_NAME,PHONE,ADDRESS,MIN_ORDER,ORIGIN,HOURS,BUSSINESS_NUMBER,BUSSINESS_NAME,PAYMENTS,DELIVERY_TIP,RST_NOTICE,ESTIMATED_TIME,RST_PHOTO,RST_LOGO,ENABLE) values (10034,4,'피자헛','02-314-6574','서울특별시 강남구 역삼동 52',19000,'갈릭버터쉬림프(L)
알래스카 크랩스(미국산 명태)
갈릭버터쉬림프(M)
알래스카 크랩스(미국산 명태)
티본스테이크(L)
안심스테이크(호주산 소고기) 척아이롤(미국산 소고기) 로스트어니언스테이크 (호주산 소고기) 알래스카 크랩스(미국산 명태)','12:00 - 22:00','590-45-663','피자헛강남역삼점','네이버페이,차이,스마일페이,현장결제',4000,'피자헛 강남역삼점입니다.','40분','피자헛1.png','피자헛2.png',1);
Insert into RESTAURANT (RST_ID,CATEGORY_ID,RST_NAME,PHONE,ADDRESS,MIN_ORDER,ORIGIN,HOURS,BUSSINESS_NUMBER,BUSSINESS_NAME,PAYMENTS,DELIVERY_TIP,RST_NOTICE,ESTIMATED_TIME,RST_PHOTO,RST_LOGO,ENABLE) values (10035,4,'새우공장','02-943-3432','서울특별시 강남구 역삼동 147-1',10000,'새우(베트남산, 중국산)
양파(국산)
쌀(국산)','12:00 - 23:00','233-23-3112','새우공장','네이버페이,차이,스마일페이',4000,'!!새우의 모든 것!! 새우공장 강남점 OPEN','40분','새우공장1.png','새우공장2.png',1);
Insert into RESTAURANT (RST_ID,CATEGORY_ID,RST_NAME,PHONE,ADDRESS,MIN_ORDER,ORIGIN,HOURS,BUSSINESS_NUMBER,BUSSINESS_NAME,PAYMENTS,DELIVERY_TIP,RST_NOTICE,ESTIMATED_TIME,RST_PHOTO,RST_LOGO,ENABLE) values (10036,4,'버텍스 미국식덮밥','02-143-3432','서울특별시 강남구 역삼동 141',12000,'새우(베트남산, 중국산)
양파(국산)
쌀(국산)','12:00 - 22:00','342-23-3112','버텍스미국식덮밥','네이버페이,차이,스마일페이',4000,'버텍스 역삼점입니다.','40분','버텍스미국식덮밥1.png','버텍스미국식덮밥2.png',1);
Insert into RESTAURANT (RST_ID,CATEGORY_ID,RST_NAME,PHONE,ADDRESS,MIN_ORDER,ORIGIN,HOURS,BUSSINESS_NUMBER,BUSSINESS_NAME,PAYMENTS,DELIVERY_TIP,RST_NOTICE,ESTIMATED_TIME,RST_PHOTO,RST_LOGO,ENABLE) values (10037,4,'아메리칸피자','02-143-3432','서울특별시 강남구 역삼동 141',12000,'새우(베트남산, 중국산)
양파(국산)
쌀(국산)','12:00 - 22:00','342-23-3112','아메리칸피자','네이버페이,차이,스마일페이',4000,'아메리칸피자역삼점입니다.','40분','아메리칸피자1.png','아메리칸피자2.png',1);
Insert into RESTAURANT (RST_ID,CATEGORY_ID,RST_NAME,PHONE,ADDRESS,MIN_ORDER,ORIGIN,HOURS,BUSSINESS_NUMBER,BUSSINESS_NAME,PAYMENTS,DELIVERY_TIP,RST_NOTICE,ESTIMATED_TIME,RST_PHOTO,RST_LOGO,ENABLE) values (10038,4,'베어스타코','02-143-3432','서울특별시 강남구 역삼동 1002',12000,'소고기 : 미국산/호주산, 닭고기 : 브라질산
, 쌀(안남미) : 태국산','12:00 - 22:00','342-23-3112','베어스타코','네이버페이,차이,스마일페이',4000,'최상의 식재료로 최상의 맛을 전하겠습니다.','40분','베어스타코1.png','베어스타코2.png',1);
Insert into RESTAURANT (RST_ID,CATEGORY_ID,RST_NAME,PHONE,ADDRESS,MIN_ORDER,ORIGIN,HOURS,BUSSINESS_NUMBER,BUSSINESS_NAME,PAYMENTS,DELIVERY_TIP,RST_NOTICE,ESTIMATED_TIME,RST_PHOTO,RST_LOGO,ENABLE) values (10039,4,'고메스테이크','02-143-3432','서울특별시 강남구 역삼동 122',12000,'소고기 : 미국산/호주산, 닭고기 : 브라질산
, 쌀(안남미) : 태국산','12:00 - 22:00','342-23-3112','고메스테이크','네이버페이,차이,스마일페이',4000,'최상의 식재료로 최상의 맛을 전하겠습니다.','40분','고메스테이크1.png','고메스테이크2.png',1);
Insert into RESTAURANT (RST_ID,CATEGORY_ID,RST_NAME,PHONE,ADDRESS,MIN_ORDER,ORIGIN,HOURS,BUSSINESS_NUMBER,BUSSINESS_NAME,PAYMENTS,DELIVERY_TIP,RST_NOTICE,ESTIMATED_TIME,RST_PHOTO,RST_LOGO,ENABLE) values (10040,5,'리칭','02-143-3432','서울특별시 강남구 역삼동 122',12000,'소고기 : 미국산/호주산, 닭고기 : 브라질산
, 쌀(안남미) : 태국산','12:00 - 22:00','342-23-3112','리칭','네이버페이,차이,스마일페이',4000,'최상의 식재료로 최상의 맛을 전하겠습니다.','40분','리칭1.png','리칭2.png',1);
Insert into RESTAURANT (RST_ID,CATEGORY_ID,RST_NAME,PHONE,ADDRESS,MIN_ORDER,ORIGIN,HOURS,BUSSINESS_NUMBER,BUSSINESS_NAME,PAYMENTS,DELIVERY_TIP,RST_NOTICE,ESTIMATED_TIME,RST_PHOTO,RST_LOGO,ENABLE) values (10041,5,'라사천마라탕','02-143-3432','서울특별시 강남구 역삼동 122',12000,'소고기 : 미국산/호주산, 닭고기 : 브라질산
, 쌀(안남미) : 태국산','12:00 - 22:00','342-23-3112','라사천마라탕','네이버페이,차이,스마일페이',4000,'최상의 식재료로 최상의 맛을 전하겠습니다.','40분','라사천마라탕1.png','라사천마라탕2.png',1);
Insert into RESTAURANT (RST_ID,CATEGORY_ID,RST_NAME,PHONE,ADDRESS,MIN_ORDER,ORIGIN,HOURS,BUSSINESS_NUMBER,BUSSINESS_NAME,PAYMENTS,DELIVERY_TIP,RST_NOTICE,ESTIMATED_TIME,RST_PHOTO,RST_LOGO,ENABLE) values (10042,5,'취홍','02-143-3432','서울특별시 강남구 역삼동 122',12000,'소고기 : 미국산/호주산, 닭고기 : 브라질산
, 쌀(안남미) : 태국산','12:00 - 22:00','342-23-3112','취홍','네이버페이,차이,스마일페이',4000,'최상의 식재료로 최상의 맛을 전하겠습니다.','40분','취홍1.png','취홍2.png',1);
Insert into RESTAURANT (RST_ID,CATEGORY_ID,RST_NAME,PHONE,ADDRESS,MIN_ORDER,ORIGIN,HOURS,BUSSINESS_NUMBER,BUSSINESS_NAME,PAYMENTS,DELIVERY_TIP,RST_NOTICE,ESTIMATED_TIME,RST_PHOTO,RST_LOGO,ENABLE) values (10043,5,'마라하오','02-143-3432','서울특별시 강남구 역삼동 122',12000,'소고기 : 미국산/호주산, 닭고기 : 브라질산
, 쌀(안남미) : 태국산','12:00 - 22:00','342-23-3112','마라하오','네이버페이,차이,스마일페이',4000,'최상의 식재료로 최상의 맛을 전하겠습니다.','40분','마라하오1.png','마라하오2.png',1);
Insert into RESTAURANT (RST_ID,CATEGORY_ID,RST_NAME,PHONE,ADDRESS,MIN_ORDER,ORIGIN,HOURS,BUSSINESS_NUMBER,BUSSINESS_NAME,PAYMENTS,DELIVERY_TIP,RST_NOTICE,ESTIMATED_TIME,RST_PHOTO,RST_LOGO,ENABLE) values (10044,5,'마라의신','02-143-3432','서울특별시 강남구 역삼동 122',12000,'소고기 : 미국산/호주산, 닭고기 : 브라질산
, 쌀(안남미) : 태국산','12:00 - 22:00','342-23-3112','마라의신','네이버페이,차이,스마일페이',4000,'최상의 식재료로 최상의 맛을 전하겠습니다.','40분','마라의신1.png','마라의신2.png',1);
Insert into RESTAURANT (RST_ID,CATEGORY_ID,RST_NAME,PHONE,ADDRESS,MIN_ORDER,ORIGIN,HOURS,BUSSINESS_NUMBER,BUSSINESS_NAME,PAYMENTS,DELIVERY_TIP,RST_NOTICE,ESTIMATED_TIME,RST_PHOTO,RST_LOGO,ENABLE) values (10045,5,'모리향','02-143-3432','서울특별시 강남구 역삼동 122',12000,'소고기 : 미국산/호주산, 닭고기 : 브라질산
, 쌀(안남미) : 태국산','12:00 - 22:00','342-23-3112','모리향','네이버페이,차이,스마일페이',4000,'최상의 식재료로 최상의 맛을 전하겠습니다.','40분','모리향1.png','모리향2.png',1);
Insert into RESTAURANT (RST_ID,CATEGORY_ID,RST_NAME,PHONE,ADDRESS,MIN_ORDER,ORIGIN,HOURS,BUSSINESS_NUMBER,BUSSINESS_NAME,PAYMENTS,DELIVERY_TIP,RST_NOTICE,ESTIMATED_TIME,RST_PHOTO,RST_LOGO,ENABLE) values (10046,5,'소림마라','02-143-3432','서울특별시 강남구 역삼동 122',12000,'소고기 : 미국산/호주산, 닭고기 : 브라질산
, 쌀(안남미) : 태국산','12:00 - 22:00','342-23-3112','소림마라','네이버페이,차이,스마일페이',4000,'최상의 식재료로 최상의 맛을 전하겠습니다.','40분','소림마라1.png','소림마라2.png',1);
Insert into RESTAURANT (RST_ID,CATEGORY_ID,RST_NAME,PHONE,ADDRESS,MIN_ORDER,ORIGIN,HOURS,BUSSINESS_NUMBER,BUSSINESS_NAME,PAYMENTS,DELIVERY_TIP,RST_NOTICE,ESTIMATED_TIME,RST_PHOTO,RST_LOGO,ENABLE) values (10047,5,'마라대국','02-143-3432','서울특별시 강남구 역삼동 122',12000,'소고기 : 미국산/호주산, 닭고기 : 브라질산
, 쌀(안남미) : 태국산','12:00 - 22:00','342-23-3112','마라대국','네이버페이,차이,스마일페이',4000,'최상의 식재료로 최상의 맛을 전하겠습니다.','40분','마라대국1.png','마라대국2.png',1);
Insert into RESTAURANT (RST_ID,CATEGORY_ID,RST_NAME,PHONE,ADDRESS,MIN_ORDER,ORIGIN,HOURS,BUSSINESS_NUMBER,BUSSINESS_NAME,PAYMENTS,DELIVERY_TIP,RST_NOTICE,ESTIMATED_TIME,RST_PHOTO,RST_LOGO,ENABLE) values (10048,5,'라1품마라탕','02-143-3432','서울특별시 강남구 역삼동 122',12000,'소고기 : 미국산/호주산, 닭고기 : 브라질산
, 쌀(안남미) : 태국산','12:00 - 22:00','342-23-3112','마라의신','네이버페이,차이,스마일페이',4000,'최상의 식재료로 최상의 맛을 전하겠습니다.','40분','라1품마라탕1.png','라1품마라탕2.png',1);
Insert into RESTAURANT (RST_ID,CATEGORY_ID,RST_NAME,PHONE,ADDRESS,MIN_ORDER,ORIGIN,HOURS,BUSSINESS_NUMBER,BUSSINESS_NAME,PAYMENTS,DELIVERY_TIP,RST_NOTICE,ESTIMATED_TIME,RST_PHOTO,RST_LOGO,ENABLE) values (10049,5,'차병원사거리마라탕','02-143-3432','서울특별시 강남구 역삼동 122',12000,'소고기 : 미국산/호주산, 닭고기 : 브라질산
, 쌀(안남미) : 태국산','12:00 - 22:00','342-23-3112','차병원사거리마라탕','네이버페이,차이,스마일페이',4000,'최상의 식재료로 최상의 맛을 전하겠습니다.','40분','차병원사거리마라탕1.png','차병원사거리마라탕2.png',1);
Insert into RESTAURANT (RST_ID,CATEGORY_ID,RST_NAME,PHONE,ADDRESS,MIN_ORDER,ORIGIN,HOURS,BUSSINESS_NUMBER,BUSSINESS_NAME,PAYMENTS,DELIVERY_TIP,RST_NOTICE,ESTIMATED_TIME,RST_PHOTO,RST_LOGO,ENABLE) values (10050,6,'경성밥상','02-123-1234','서울특별시 강남구 역삼동 835-6 아라니아 빌딩 1층',8000,'쌀 : 국내산 *고기육수(경성국수,辛경성국수,고기국밥,辛시래기고기국밥,팔도비빔밥,새참비빔밥) : 소고기(뉴질랜드산)/소뼈(한우)','10:40 - 21:00','156-85-0132','경성밥상 강남점','현장결제',3000,'##### 오픈기념 강남지역 무료배달 #####','60분','경성밥상1','경성밥상2',1);
Insert into RESTAURANT (RST_ID,CATEGORY_ID,RST_NAME,PHONE,ADDRESS,MIN_ORDER,ORIGIN,HOURS,BUSSINESS_NUMBER,BUSSINESS_NAME,PAYMENTS,DELIVERY_TIP,RST_NOTICE,ESTIMATED_TIME,RST_PHOTO,RST_LOGO,ENABLE) values (10051,6,'너무한육회연어','02-943-4353','서울특별시 강남구 역삼동 63-1',5000,'육회(소고기: 호주산), 연어(노르웨이산), 참치(원양산)','13:00 - 00:00','197-75-0132','너무한육회연어','신용카드',4000,'★★3종!! 리뷰EVENT★★ 이거이거 너무 퍼주는거 아니야?! 

★1번!! 셰프 특선 연어유부초밥 2Ps★
★2번!! 셰프님의 특제 비밀 소스로 만든 밥도둑 양념게장 3ps!!★
★3번!!  코카콜라가 만든 음료3종!(콜라,스프라이트,환타파인)','50분','너무한육회연어2.png','너무한육회연어2.png',1);
Insert into RESTAURANT (RST_ID,CATEGORY_ID,RST_NAME,PHONE,ADDRESS,MIN_ORDER,ORIGIN,HOURS,BUSSINESS_NUMBER,BUSSINESS_NAME,PAYMENTS,DELIVERY_TIP,RST_NOTICE,ESTIMATED_TIME,RST_PHOTO,RST_LOGO,ENABLE) values (10052,6,'THE가득담은1인김치찜','02-532-1242','서울특별시 강남구 역삼동 214-23',8000,'삼겹살(스페인산), 삼겹양지(미국산), 쌀(국내산), 흑미(국내산), 김치(중국산), 고춧가루(중국산, 베트남산), 오징어젓갈(중국산), 콩[두부,순두부](중국, 미국)','15:00 - 23:00','374-85-01732','알잘딱깔센','네이버페이',1200,'리뷰 이벤트
1. 도시락김
2. 두부 추가
요청사항에 "리뷰가득"이라고 적어주세요!','50분','THE가득담은1인김치찜2.png','THE가득담은1인김치찜2.png',1);
Insert into RESTAURANT (RST_ID,CATEGORY_ID,RST_NAME,PHONE,ADDRESS,MIN_ORDER,ORIGIN,HOURS,BUSSINESS_NUMBER,BUSSINESS_NAME,PAYMENTS,DELIVERY_TIP,RST_NOTICE,ESTIMATED_TIME,RST_PHOTO,RST_LOGO,ENABLE) values (10053,6,'혼밥대왕','02-341-1344','서울특별시 강남구 역삼동 226',7900,'쌀:국내산두부:외국산(미국,캐나다,호주)순두부:외국산(미국,캐나다,호주)김치찌개 김치:국내산(고추가루(중국산))
볶음김치 :중국산 고운/굵은/청양 고추가루:중국산육회:호주산소고기
전각:미국산우삼겹:호주산 찌개용돼지고기:국내산 볶음용돼지고기:국내산','10:00 - 22:00','401-85-0542','혼밥대장','네이퍼페이,차이,스마일페이,현장결제',3000,'ⓐ 우측상단의 찜 부탁드려요!
ⓑ 음식을 받으시고 사진찰칵! 과 함께
ⓒ ★x5개와 솔직한리뷰를 남겨주세요!
ⓓ 고객님의 번호는 배달목적외에 사용되지않습니다!','50분','혼밥대왕2.png','혼밥대왕2.png',1);
Insert into RESTAURANT (RST_ID,CATEGORY_ID,RST_NAME,PHONE,ADDRESS,MIN_ORDER,ORIGIN,HOURS,BUSSINESS_NUMBER,BUSSINESS_NAME,PAYMENTS,DELIVERY_TIP,RST_NOTICE,ESTIMATED_TIME,RST_PHOTO,RST_LOGO,ENABLE) values (10097,10,'복정동떡볶이','02-943-4353','서울특별시 강남구 역삼동 631-1',5000,'육회(소고기: 호주산), 연어(노르웨이산), 참치(원양산)','13:00 - 00:00','197-75-0132','복정동떡볶이','신용카드',4000,'복정동떡볶이입니다..','50분','복정동떡볶이1.png','복정동떡볶이2.png',1);
Insert into RESTAURANT (RST_ID,CATEGORY_ID,RST_NAME,PHONE,ADDRESS,MIN_ORDER,ORIGIN,HOURS,BUSSINESS_NUMBER,BUSSINESS_NAME,PAYMENTS,DELIVERY_TIP,RST_NOTICE,ESTIMATED_TIME,RST_PHOTO,RST_LOGO,ENABLE) values (10098,10,'갈현동치떡','02-943-4353','서울특별시 강남구 역삼동 631-1',5000,'육회(소고기: 호주산), 연어(노르웨이산), 참치(원양산)','13:00 - 00:00','197-75-0132','갈현동치떡','신용카드',4000,'갈현동치떡입니다.','50분','갈현동치떡1.png','갈현동치떡2.png',1);
Insert into RESTAURANT (RST_ID,CATEGORY_ID,RST_NAME,PHONE,ADDRESS,MIN_ORDER,ORIGIN,HOURS,BUSSINESS_NUMBER,BUSSINESS_NAME,PAYMENTS,DELIVERY_TIP,RST_NOTICE,ESTIMATED_TIME,RST_PHOTO,RST_LOGO,ENABLE) values (10099,10,'수제왕돈까스','02-943-4353','서울특별시 강남구 역삼동 631-1',5000,'육회(소고기: 호주산), 연어(노르웨이산), 참치(원양산)','13:00 - 00:00','197-75-0132','수제왕돈까스','신용카드',4000,'수제왕돈까스역삼점 입니다.','50분','수제왕돈까스1.png','수제왕돈까스2.png',1);
Insert into RESTAURANT (RST_ID,CATEGORY_ID,RST_NAME,PHONE,ADDRESS,MIN_ORDER,ORIGIN,HOURS,BUSSINESS_NUMBER,BUSSINESS_NAME,PAYMENTS,DELIVERY_TIP,RST_NOTICE,ESTIMATED_TIME,RST_PHOTO,RST_LOGO,ENABLE) values (10100,11,'배스킨라빈스','02-314-6574','서울특별시 강남구 역삼동 32',14000,'(아이스크림)
민트 초콜릿 칩:유크림/뉴질랜드산, 혼합분유/네덜란드산, 초콜릿/싱가포르산
피스타치오 아몬드:유크림/뉴질랜드산, 볶음아몬드반태(아몬드/미국산), 혼합분유/네덜란드산, 천연향료(피스타치오향)/미국산초콜릿 무스:유크림/뉴질랜드산, 엔디에이 초코후레바 후레이크/미국산, 혼합분유/네덜란드산','11:00 - 22:00','190-45-663','배스킨라빈스','네이버페이,차이,스마일페이,현장결제',4000,'배스킨라빈스 강남역삼점입니다.','55분','배스킨라빈스1.png','배스킨라빈스2.png',1);
Insert into RESTAURANT (RST_ID,CATEGORY_ID,RST_NAME,PHONE,ADDRESS,MIN_ORDER,ORIGIN,HOURS,BUSSINESS_NUMBER,BUSSINESS_NAME,PAYMENTS,DELIVERY_TIP,RST_NOTICE,ESTIMATED_TIME,RST_PHOTO,RST_LOGO,ENABLE) values (10101,11,'롯데리아','02-124-3432','서울특별시 강남구 역삼동 394',15000,'*한우불고기버거 : 쇠고기 ( 국내산 한우 )
*핫크리스피버거 : 닭고기 ( 국내산 )
*불고기버거 : 쇠고기 ( 호주산 )
*클래식치즈버거 : 쇠고기 ( 호주산 )','13:00 - 23:00','122-2342-663','롯데리아','네이버페이,차이,스마일페이,현장결제',4000,'롯데리아 역삼점입니다.','50분','롯데리아1.png','롯데리아2.png',1);
Insert into RESTAURANT (RST_ID,CATEGORY_ID,RST_NAME,PHONE,ADDRESS,MIN_ORDER,ORIGIN,HOURS,BUSSINESS_NUMBER,BUSSINESS_NAME,PAYMENTS,DELIVERY_TIP,RST_NOTICE,ESTIMATED_TIME,RST_PHOTO,RST_LOGO,ENABLE) values (10102,11,'로플로플','02-124-3432','서울특별시 강남구 역삼동 394',15000,'원두: 콜롬비아산. 우유:국내산 ','13:00 - 23:00','122-2342-663','로플로플','네이버페이,차이,스마일페이,현장결제',4000,'로플로플 역삼점입니다.','50분','로플로플1.png','로플로플2.png',1);
Insert into RESTAURANT (RST_ID,CATEGORY_ID,RST_NAME,PHONE,ADDRESS,MIN_ORDER,ORIGIN,HOURS,BUSSINESS_NUMBER,BUSSINESS_NAME,PAYMENTS,DELIVERY_TIP,RST_NOTICE,ESTIMATED_TIME,RST_PHOTO,RST_LOGO,ENABLE) values (10103,11,'영화관팝콘판다','02-124-3432','서울특별시 강남구 역삼동 394',15000,'원두: 콜롬비아산. 우유:국내산 ','13:00 - 23:00','122-2342-663','영화관팝콘판다','네이버페이,차이,스마일페이,현장결제',4000,'영화관팝콘판다역삼점입니다.','50분','영화관팝콘판다1.png','영화관팝콘판다2.png',1);
Insert into RESTAURANT (RST_ID,CATEGORY_ID,RST_NAME,PHONE,ADDRESS,MIN_ORDER,ORIGIN,HOURS,BUSSINESS_NUMBER,BUSSINESS_NAME,PAYMENTS,DELIVERY_TIP,RST_NOTICE,ESTIMATED_TIME,RST_PHOTO,RST_LOGO,ENABLE) values (10104,11,'퀴즈노스','02-124-3432','서울특별시 강남구 역삼동 394',15000,'원두: 콜롬비아산. 우유:국내산 ','13:00 - 23:00','122-2342-663','퀴즈노스','네이버페이,차이,스마일페이,현장결제',4000,'퀴즈노스 역삼점입니다.','50분','퀴즈노스1.png','퀴즈노스2.png',1);
Insert into RESTAURANT (RST_ID,CATEGORY_ID,RST_NAME,PHONE,ADDRESS,MIN_ORDER,ORIGIN,HOURS,BUSSINESS_NUMBER,BUSSINESS_NAME,PAYMENTS,DELIVERY_TIP,RST_NOTICE,ESTIMATED_TIME,RST_PHOTO,RST_LOGO,ENABLE) values (10105,11,'뚜레쥬르','02-124-3432','서울특별시 강남구 역삼동 394',15000,'원두: 콜롬비아산. 우유:국내산 ','13:00 - 23:00','122-2342-663','뚜레쥬르','네이버페이,차이,스마일페이,현장결제',4000,'뚜레쥬르역삼점입니다.','50분','뚜레쥬르1.png','뚜레쥬르2.png',1);
Insert into RESTAURANT (RST_ID,CATEGORY_ID,RST_NAME,PHONE,ADDRESS,MIN_ORDER,ORIGIN,HOURS,BUSSINESS_NUMBER,BUSSINESS_NAME,PAYMENTS,DELIVERY_TIP,RST_NOTICE,ESTIMATED_TIME,RST_PHOTO,RST_LOGO,ENABLE) values (10106,11,'던킨','02-124-3432','서울특별시 강남구 역삼동 394',15000,'원두: 콜롬비아산. 우유:국내산 ','13:00 - 23:00','122-2342-663','던킨','네이버페이,차이,스마일페이,현장결제',4000,'던킨 역삼점입니다.','50분','던킨1.png','던킨2.png',1);
Insert into RESTAURANT (RST_ID,CATEGORY_ID,RST_NAME,PHONE,ADDRESS,MIN_ORDER,ORIGIN,HOURS,BUSSINESS_NUMBER,BUSSINESS_NAME,PAYMENTS,DELIVERY_TIP,RST_NOTICE,ESTIMATED_TIME,RST_PHOTO,RST_LOGO,ENABLE) values (10107,11,'가유카페','02-124-3432','서울특별시 강남구 역삼동 394',15000,'원두: 콜롬비아산. 우유:국내산 ','13:00 - 23:00','122-2342-663','가유카페','네이버페이,차이,스마일페이,현장결제',4000,'가유카페 역삼점입니다.','50분','가유카페1.png','가유카페2.png',1);
Insert into RESTAURANT (RST_ID,CATEGORY_ID,RST_NAME,PHONE,ADDRESS,MIN_ORDER,ORIGIN,HOURS,BUSSINESS_NUMBER,BUSSINESS_NAME,PAYMENTS,DELIVERY_TIP,RST_NOTICE,ESTIMATED_TIME,RST_PHOTO,RST_LOGO,ENABLE) values (10108,11,'FPFP','02-124-3432','서울특별시 강남구 역삼동 394',15000,'원두: 콜롬비아산. 우유:국내산 ','13:00 - 23:00','122-2342-663','FPFP','네이버페이,차이,스마일페이,현장결제',4000,'FPFP역삼점입니다.','50분','FPFP1.png','FPFP2.png',1);
Insert into RESTAURANT (RST_ID,CATEGORY_ID,RST_NAME,PHONE,ADDRESS,MIN_ORDER,ORIGIN,HOURS,BUSSINESS_NUMBER,BUSSINESS_NAME,PAYMENTS,DELIVERY_TIP,RST_NOTICE,ESTIMATED_TIME,RST_PHOTO,RST_LOGO,ENABLE) values (10109,11,'유캔두잇','02-124-3432','서울특별시 강남구 역삼동 394',15000,'원두: 콜롬비아산. 우유:국내산 ','13:00 - 23:00','122-2342-663','FPFP','네이버페이,차이,스마일페이,현장결제',4000,'유캔두잇 역삼점입니다.','50분','유캔두잇1.png','유캔두잇2.png',1);
Insert into RESTAURANT (RST_ID,CATEGORY_ID,RST_NAME,PHONE,ADDRESS,MIN_ORDER,ORIGIN,HOURS,BUSSINESS_NUMBER,BUSSINESS_NAME,PAYMENTS,DELIVERY_TIP,RST_NOTICE,ESTIMATED_TIME,RST_PHOTO,RST_LOGO,ENABLE) values (10110,12,'이마트24','02-124-3432','서울특별시 강남구 역삼동 394',15000,'원두: 콜롬비아산. 우유:국내산 ','13:00 - 23:00','122-2342-663','이마트24','네이버페이,차이,스마일페이,현장결제',4000,'이마트24역삼점입니다.','50분','이마트241.png','이마트242.png',1);
Insert into RESTAURANT (RST_ID,CATEGORY_ID,RST_NAME,PHONE,ADDRESS,MIN_ORDER,ORIGIN,HOURS,BUSSINESS_NUMBER,BUSSINESS_NAME,PAYMENTS,DELIVERY_TIP,RST_NOTICE,ESTIMATED_TIME,RST_PHOTO,RST_LOGO,ENABLE) values (10111,12,'gs25','02-124-3432','서울특별시 강남구 역삼동 394',15000,'원두: 콜롬비아산. 우유:국내산 ','13:00 - 23:00','122-2342-663','gs25','네이버페이,차이,스마일페이,현장결제',4000,'gs25 역삼점입니다.','50분','gs251.png','gs252.png',1);
Insert into RESTAURANT (RST_ID,CATEGORY_ID,RST_NAME,PHONE,ADDRESS,MIN_ORDER,ORIGIN,HOURS,BUSSINESS_NUMBER,BUSSINESS_NAME,PAYMENTS,DELIVERY_TIP,RST_NOTICE,ESTIMATED_TIME,RST_PHOTO,RST_LOGO,ENABLE) values (10112,12,'cu','02-124-3432','서울특별시 강남구 역삼동 394',15000,'원두: 콜롬비아산. 우유:국내산 ','13:00 - 23:00','122-2342-663','cu','네이버페이,차이,스마일페이,현장결제',4000,'cu 역삼점입니다.','50분','cu1.png','cu2.png',1);
Insert into RESTAURANT (RST_ID,CATEGORY_ID,RST_NAME,PHONE,ADDRESS,MIN_ORDER,ORIGIN,HOURS,BUSSINESS_NUMBER,BUSSINESS_NAME,PAYMENTS,DELIVERY_TIP,RST_NOTICE,ESTIMATED_TIME,RST_PHOTO,RST_LOGO,ENABLE) values (10113,12,'세븐일레븐','02-124-3432','서울특별시 강남구 역삼동 394',15000,'원두: 콜롬비아산. 우유:국내산 ','13:00 - 23:00','122-2342-663','세븐일레븐','네이버페이,차이,스마일페이,현장결제',4000,'세븐일레븐 역삼점입니다.','50분','세븐일레븐1.png','세븐일레븐2.png',1);
Insert into RESTAURANT (RST_ID,CATEGORY_ID,RST_NAME,PHONE,ADDRESS,MIN_ORDER,ORIGIN,HOURS,BUSSINESS_NUMBER,BUSSINESS_NAME,PAYMENTS,DELIVERY_TIP,RST_NOTICE,ESTIMATED_TIME,RST_PHOTO,RST_LOGO,ENABLE) values (10114,12,'미니스톱','02-124-3432','서울특별시 강남구 역삼동 394',15000,'원두: 콜롬비아산. 우유:국내산 ','13:00 - 23:00','122-2342-663','미니스톱','네이버페이,차이,스마일페이,현장결제',4000,'미니스톱 역삼점입니다.','50분','미니스톱1.png','미니스톱2.png',1);
Insert into RESTAURANT (RST_ID,CATEGORY_ID,RST_NAME,PHONE,ADDRESS,MIN_ORDER,ORIGIN,HOURS,BUSSINESS_NUMBER,BUSSINESS_NAME,PAYMENTS,DELIVERY_TIP,RST_NOTICE,ESTIMATED_TIME,RST_PHOTO,RST_LOGO,ENABLE) values (10115,12,'TJ움직이는편의점','02-124-3432','서울특별시 강남구 역삼동 394',15000,'원두: 콜롬비아산. 우유:국내산 ','13:00 - 23:00','122-2342-663','TJ움직이는편의점','네이버페이,차이,스마일페이,현장결제',4000,'TJ움직이는편의점 역삼점입니다.','50분','TJ움직이는편의점1.png','TJ움직이는편의점2.png',1);
Insert into RESTAURANT (RST_ID,CATEGORY_ID,RST_NAME,PHONE,ADDRESS,MIN_ORDER,ORIGIN,HOURS,BUSSINESS_NUMBER,BUSSINESS_NAME,PAYMENTS,DELIVERY_TIP,RST_NOTICE,ESTIMATED_TIME,RST_PHOTO,RST_LOGO,ENABLE) values (10116,12,'홈플러스익스프레스','02-124-3432','서울특별시 강남구 역삼동 394',15000,'원두: 콜롬비아산. 우유:국내산 ','13:00 - 23:00','122-2342-663','홈플러스익스프레스','네이버페이,차이,스마일페이,현장결제',4000,'홈플러스익스프레스 역삼점입니다.','50분','홈플러스익스프레스1.png','홈플러스익스프레스2.png',1);
Insert into RESTAURANT (RST_ID,CATEGORY_ID,RST_NAME,PHONE,ADDRESS,MIN_ORDER,ORIGIN,HOURS,BUSSINESS_NUMBER,BUSSINESS_NAME,PAYMENTS,DELIVERY_TIP,RST_NOTICE,ESTIMATED_TIME,RST_PHOTO,RST_LOGO,ENABLE) values (10117,12,'GS THE FRESH','02-124-3432','서울특별시 강남구 역삼동 394',15000,'원두: 콜롬비아산. 우유:국내산 ','13:00 - 23:00','122-2342-663','GSTHEFRESH','네이버페이,차이,스마일페이,현장결제',4000,'GSTHEFRESH 역삼점입니다.','50분','GSTHEFRESH1.png','GSTHEFRESH2.png',1);
Insert into RESTAURANT (RST_ID,CATEGORY_ID,RST_NAME,PHONE,ADDRESS,MIN_ORDER,ORIGIN,HOURS,BUSSINESS_NUMBER,BUSSINESS_NAME,PAYMENTS,DELIVERY_TIP,RST_NOTICE,ESTIMATED_TIME,RST_PHOTO,RST_LOGO,ENABLE) values (10118,12,'gs25-강남점','02-124-3432','서울특별시 강남구 역삼동 394',15000,'원두: 콜롬비아산. 우유:국내산 ','13:00 - 23:00','122-2342-663','gs25-강남점','네이버페이,차이,스마일페이,현장결제',4000,'gs25 강남점입니다.','50분','gs251.png','gs252.png',1);
Insert into RESTAURANT (RST_ID,CATEGORY_ID,RST_NAME,PHONE,ADDRESS,MIN_ORDER,ORIGIN,HOURS,BUSSINESS_NUMBER,BUSSINESS_NAME,PAYMENTS,DELIVERY_TIP,RST_NOTICE,ESTIMATED_TIME,RST_PHOTO,RST_LOGO,ENABLE) values (10119,12,'cu-강남점','02-124-3432','서울특별시 강남구 역삼동 394',15000,'원두: 콜롬비아산. 우유:국내산 ','13:00 - 23:00','122-2342-663','cu-강남점','네이버페이,차이,스마일페이,현장결제',4000,'cu 강남점입니다.','50분','cu1.png','cu2.png',1);
Insert into RESTAURANT (RST_ID,CATEGORY_ID,RST_NAME,PHONE,ADDRESS,MIN_ORDER,ORIGIN,HOURS,BUSSINESS_NUMBER,BUSSINESS_NAME,PAYMENTS,DELIVERY_TIP,RST_NOTICE,ESTIMATED_TIME,RST_PHOTO,RST_LOGO,ENABLE) values (10000,1,'경성밥상','02-123-1234','서울특별시 강남구 역삼동 835-6 아라니아 빌딩 1층',8000,'쌀 : 국내산 *고기육수(경성국수,辛경성국수,고기국밥,辛시래기고기국밥,팔도비빔밥,새참비빔밥) : 소고기(뉴질랜드산)/소뼈(한우)','10:40 - 21:00','156-85-0132','경성밥상 강남점','현장결제',3000,'##### 오픈기념 강남지역 무료배달 #####','60분','경성밥상1.png','경성밥상2.png',1);
Insert into RESTAURANT (RST_ID,CATEGORY_ID,RST_NAME,PHONE,ADDRESS,MIN_ORDER,ORIGIN,HOURS,BUSSINESS_NUMBER,BUSSINESS_NAME,PAYMENTS,DELIVERY_TIP,RST_NOTICE,ESTIMATED_TIME,RST_PHOTO,RST_LOGO,ENABLE) values (10001,1,'드립드랍','02-943-1234','서울특별시 강남구 역삼동 820-1 로하스애비뉴빌딩 지하2층',9000,' ','09:00 - 21:00','944-85-0132','주식회사 드립드랍','네이버페이',3000,'>> 런칭기념 한정 이벤트!! <<
1. 배달비 무료!!! 2. 샘플러 프로모션 세트를 한정 이벤트로 진행합니다. ','40분','드립드랍1.png','드립드랍2.png',1);
Insert into RESTAURANT (RST_ID,CATEGORY_ID,RST_NAME,PHONE,ADDRESS,MIN_ORDER,ORIGIN,HOURS,BUSSINESS_NUMBER,BUSSINESS_NAME,PAYMENTS,DELIVERY_TIP,RST_NOTICE,ESTIMATED_TIME,RST_PHOTO,RST_LOGO,ENABLE) values (10054,6,'두레반돼지국밥','02-943-1231','서울특별시 강남구 역삼동 63-1',5000,'원두: 콜롬비아산','09:00 - 21:00','944-85-0132','두레반돼지국밥','현장결제,네이버페이',3000,'강남구청역에서 10년째 맑은국물 돼지국밥으로 입소문이 나고 있는 두레반입니다. 
항상 깨끗하고 좋은음식을 대접하기 위해 최선을 다해 노력하겠습니다 ','30분','두레반돼지국밥1.png','두레반돼지국밥2.png',1);
Insert into RESTAURANT (RST_ID,CATEGORY_ID,RST_NAME,PHONE,ADDRESS,MIN_ORDER,ORIGIN,HOURS,BUSSINESS_NUMBER,BUSSINESS_NAME,PAYMENTS,DELIVERY_TIP,RST_NOTICE,ESTIMATED_TIME,RST_PHOTO,RST_LOGO,ENABLE) values (10055,6,'소년배달돼지','02-325-2312','서울특별시 강남구 역삼동 731-12',9000,'김치찜 김치: 국내산++ , 꽁치(원양산), 시골김(국내산)
돼지고기:독일산,덴마크산,국내산,미국산/ 고춧가루:국내산,중국산 혼합/ 쌀:국내산/ 갈치속젓:국내산','16:00 - 00:00','158-85-00884','소년돼지','네이버페이,차이,스마일페이',3000,'고기200g 이상은 큰용기에 포장해드리고 있습니다. 따로따로 포장을 원하시면 요청사항에 남겨주세요.','50분','소년배달돼지1.png','소년배달돼지2.png',1);
Insert into RESTAURANT (RST_ID,CATEGORY_ID,RST_NAME,PHONE,ADDRESS,MIN_ORDER,ORIGIN,HOURS,BUSSINESS_NUMBER,BUSSINESS_NAME,PAYMENTS,DELIVERY_TIP,RST_NOTICE,ESTIMATED_TIME,RST_PHOTO,RST_LOGO,ENABLE) values (10056,6,'강다짐','02-943-1234','서울특별시 강남구 역삼동 123-1',8000,'쌀(국산)/배추김치(볶음김치)[배추(국산),고춧가루(국산)]/강다짐:가다랑어(수입산)/참치마요,맵참마요,고추참치,맵고추참치:가다랑어(원양산)','09:00 - 22:00','220-09-0132','강다짐삼각김밥','네이버페이,차이,스마일페이',3000,'안녕하세요 강다짐 삼각김밥 강남역지하상가점 입니다','40분','강다짐1.jpg','강다짐2.png',1);
Insert into RESTAURANT (RST_ID,CATEGORY_ID,RST_NAME,PHONE,ADDRESS,MIN_ORDER,ORIGIN,HOURS,BUSSINESS_NUMBER,BUSSINESS_NAME,PAYMENTS,DELIVERY_TIP,RST_NOTICE,ESTIMATED_TIME,RST_PHOTO,RST_LOGO,ENABLE) values (10057,6,'옥수동묵은지김치찜','02-943-1234','서울특별시 강남구 역삼동 123-1',8000,'쌀(국산)/배추김치(볶음김치)[배추(국산),고춧가루(국산)]/강다짐:가다랑어(수입산)/참치마요,맵참마요,고추참치,맵고추참치:가다랑어(원양산)','09:00 - 22:00','220-09-0132','옥수동묵은지김치찜','네이버페이,차이,스마일페이',3000,'안녕하세요 옥수동묵은지김치찜 입니다','40분','옥수동묵은지김치찜1.jpg','옥수동묵은지김치찜2.png',1);
Insert into RESTAURANT (RST_ID,CATEGORY_ID,RST_NAME,PHONE,ADDRESS,MIN_ORDER,ORIGIN,HOURS,BUSSINESS_NUMBER,BUSSINESS_NAME,PAYMENTS,DELIVERY_TIP,RST_NOTICE,ESTIMATED_TIME,RST_PHOTO,RST_LOGO,ENABLE) values (10058,6,'오다리집간장게장','02-943-1234','서울특별시 강남구 역삼동 123-1',8000,'쌀(국산)/배추김치(볶음김치)[배추(국산),고춧가루(국산)]/강다짐:가다랑어(수입산)/참치마요,맵참마요,고추참치,맵고추참치:가다랑어(원양산)','09:00 - 22:00','220-09-0132','오다리집간장게장','네이버페이,차이,스마일페이',3000,'안녕하세요 오다리집간장게장입니다','40분','오다리집간장게장1.jpg','오다리집간장게장2.png',1);
Insert into RESTAURANT (RST_ID,CATEGORY_ID,RST_NAME,PHONE,ADDRESS,MIN_ORDER,ORIGIN,HOURS,BUSSINESS_NUMBER,BUSSINESS_NAME,PAYMENTS,DELIVERY_TIP,RST_NOTICE,ESTIMATED_TIME,RST_PHOTO,RST_LOGO,ENABLE) values (10059,6,'꽃돼지한식','02-943-1234','서울특별시 강남구 역삼동 123-1',8000,'쌀(국산)/배추김치(볶음김치)[배추(국산),고춧가루(국산)]/강다짐:가다랑어(수입산)/참치마요,맵참마요,고추참치,맵고추참치:가다랑어(원양산)','09:00 - 22:00','220-09-0132','꽃돼지한식','네이버페이,차이,스마일페이',3000,'안녕하세요 꽃돼지한식입니다.','40분','꽃돼지한식1.jpg','꽃돼지한식2.png',1);
Insert into RESTAURANT (RST_ID,CATEGORY_ID,RST_NAME,PHONE,ADDRESS,MIN_ORDER,ORIGIN,HOURS,BUSSINESS_NUMBER,BUSSINESS_NAME,PAYMENTS,DELIVERY_TIP,RST_NOTICE,ESTIMATED_TIME,RST_PHOTO,RST_LOGO,ENABLE) values (10060,7,'너무한육회연어','02-943-4353','서울특별시 강남구 역삼동 63-1',5000,'육회(소고기: 호주산), 연어(노르웨이산), 참치(원양산)','13:00 - 00:00','197-75-0132','너무한육회연어','신용카드',4000,'★★3종!! 리뷰EVENT★★ 이거이거 너무 퍼주는거 아니야?! 

★1번!! 셰프 특선 연어유부초밥 2Ps★
★2번!! 셰프님의 특제 비밀 소스로 만든 밥도둑 양념게장 3ps!!★
★3번!!  코카콜라가 만든 음료3종!(콜라,스프라이트,환타파인)','50분','너무한육회연어1.png','너무한육회연어2.png',1);
Insert into RESTAURANT (RST_ID,CATEGORY_ID,RST_NAME,PHONE,ADDRESS,MIN_ORDER,ORIGIN,HOURS,BUSSINESS_NUMBER,BUSSINESS_NAME,PAYMENTS,DELIVERY_TIP,RST_NOTICE,ESTIMATED_TIME,RST_PHOTO,RST_LOGO,ENABLE) values (10061,7,'광명수산','02-943-4353','서울특별시 강남구 역삼동 631-1',5000,'육회(소고기: 호주산), 연어(노르웨이산), 참치(원양산)','13:00 - 00:00','197-75-0132','광명수산','신용카드',4000,'광명수산 역삼점 입니다.','50분','광명수산1.png','광명수산2.png',1);
Insert into RESTAURANT (RST_ID,CATEGORY_ID,RST_NAME,PHONE,ADDRESS,MIN_ORDER,ORIGIN,HOURS,BUSSINESS_NUMBER,BUSSINESS_NAME,PAYMENTS,DELIVERY_TIP,RST_NOTICE,ESTIMATED_TIME,RST_PHOTO,RST_LOGO,ENABLE) values (10062,7,'회파는집','02-943-4353','서울특별시 강남구 역삼동 631-1',5000,'육회(소고기: 호주산), 연어(노르웨이산), 참치(원양산)','13:00 - 00:00','197-75-0132','회파는집','신용카드',4000,'회파는집 역삼점 입니다.','50분','회파는집1.png','회파는집2.png',1);
Insert into RESTAURANT (RST_ID,CATEGORY_ID,RST_NAME,PHONE,ADDRESS,MIN_ORDER,ORIGIN,HOURS,BUSSINESS_NUMBER,BUSSINESS_NAME,PAYMENTS,DELIVERY_TIP,RST_NOTICE,ESTIMATED_TIME,RST_PHOTO,RST_LOGO,ENABLE) values (10063,7,'참치앤쿡','02-943-4353','서울특별시 강남구 역삼동 631-1',5000,'육회(소고기: 호주산), 연어(노르웨이산), 참치(원양산)','13:00 - 00:00','197-75-0132','참치앤쿡','신용카드',4000,'참치앤쿡 역삼점 입니다.','50분','참치앤쿡1.png','참치앤쿡2.png',1);
Insert into RESTAURANT (RST_ID,CATEGORY_ID,RST_NAME,PHONE,ADDRESS,MIN_ORDER,ORIGIN,HOURS,BUSSINESS_NUMBER,BUSSINESS_NAME,PAYMENTS,DELIVERY_TIP,RST_NOTICE,ESTIMATED_TIME,RST_PHOTO,RST_LOGO,ENABLE) values (10064,7,'소풍김밥','02-943-4353','서울특별시 강남구 역삼동 631-1',5000,'육회(소고기: 호주산), 연어(노르웨이산), 참치(원양산)','13:00 - 00:00','197-75-0132','소풍김밥','신용카드',4000,'소풍김밥 역삼점 입니다.','50분','소풍김밥1.png','소풍김밥2.png',1);
Insert into RESTAURANT (RST_ID,CATEGORY_ID,RST_NAME,PHONE,ADDRESS,MIN_ORDER,ORIGIN,HOURS,BUSSINESS_NUMBER,BUSSINESS_NAME,PAYMENTS,DELIVERY_TIP,RST_NOTICE,ESTIMATED_TIME,RST_PHOTO,RST_LOGO,ENABLE) values (10065,7,'도구수산','02-943-4353','서울특별시 강남구 역삼동 631-1',5000,'육회(소고기: 호주산), 연어(노르웨이산), 참치(원양산)','13:00 - 00:00','197-75-0132','도구수산','신용카드',4000,'도구수산 역삼점 입니다.','50분','도구수산1.png','도구수산2.png',1);
Insert into RESTAURANT (RST_ID,CATEGORY_ID,RST_NAME,PHONE,ADDRESS,MIN_ORDER,ORIGIN,HOURS,BUSSINESS_NUMBER,BUSSINESS_NAME,PAYMENTS,DELIVERY_TIP,RST_NOTICE,ESTIMATED_TIME,RST_PHOTO,RST_LOGO,ENABLE) values (10066,7,'수제왕돈까스','02-943-4353','서울특별시 강남구 역삼동 631-1',5000,'육회(소고기: 호주산), 연어(노르웨이산), 참치(원양산)','13:00 - 00:00','197-75-0132','수제왕돈까스','신용카드',4000,'수제왕돈까스역삼점 입니다.','50분','수제왕돈까스1.png','수제왕돈까스2.png',1);
Insert into RESTAURANT (RST_ID,CATEGORY_ID,RST_NAME,PHONE,ADDRESS,MIN_ORDER,ORIGIN,HOURS,BUSSINESS_NUMBER,BUSSINESS_NAME,PAYMENTS,DELIVERY_TIP,RST_NOTICE,ESTIMATED_TIME,RST_PHOTO,RST_LOGO,ENABLE) values (10067,7,'강남돈부리','02-943-4353','서울특별시 강남구 역삼동 631-1',5000,'육회(소고기: 호주산), 연어(노르웨이산), 참치(원양산)','13:00 - 00:00','197-75-0132','강남돈부리','신용카드',4000,'강남돈부리입니다.','50분','강남돈부리1.png','강남돈부리2.png',1);
Insert into RESTAURANT (RST_ID,CATEGORY_ID,RST_NAME,PHONE,ADDRESS,MIN_ORDER,ORIGIN,HOURS,BUSSINESS_NUMBER,BUSSINESS_NAME,PAYMENTS,DELIVERY_TIP,RST_NOTICE,ESTIMATED_TIME,RST_PHOTO,RST_LOGO,ENABLE) values (10068,7,'오늘도회이팅','02-943-4353','서울특별시 강남구 역삼동 631-1',5000,'육회(소고기: 호주산), 연어(노르웨이산), 참치(원양산)','13:00 - 00:00','197-75-0132','오늘도회이팅','신용카드',4000,'오늘도회이팅입니다.','50분','오늘도회이팅1.png','오늘도회이팅2.png',1);
Insert into RESTAURANT (RST_ID,CATEGORY_ID,RST_NAME,PHONE,ADDRESS,MIN_ORDER,ORIGIN,HOURS,BUSSINESS_NUMBER,BUSSINESS_NAME,PAYMENTS,DELIVERY_TIP,RST_NOTICE,ESTIMATED_TIME,RST_PHOTO,RST_LOGO,ENABLE) values (10069,7,'육회반한연어','02-943-4353','서울특별시 강남구 역삼동 631-1',5000,'육회(소고기: 호주산), 연어(노르웨이산), 참치(원양산)','13:00 - 00:00','197-75-0132','육회반한연어','신용카드',4000,'육회반한연어 입니다.','50분','육회반한연어1.png','육회반한연어2.png',1);
Insert into RESTAURANT (RST_ID,CATEGORY_ID,RST_NAME,PHONE,ADDRESS,MIN_ORDER,ORIGIN,HOURS,BUSSINESS_NUMBER,BUSSINESS_NAME,PAYMENTS,DELIVERY_TIP,RST_NOTICE,ESTIMATED_TIME,RST_PHOTO,RST_LOGO,ENABLE) values (10070,8,'원할머니보쌈','02-344-6574','서울특별시 강남구 역삼동 112',13000,'삼겹(돼지고기:네덜란드),족발(돼지고기:국내산),쌀(국내산),보쌈김치(배추:국내산,고춧가루:중국산,소금:국내산)','11:00 - 22:00','120-454-663','원할머니보쌈','네이버페이,차이,스마일페이,현장결제',4000,'매일 담그는 보쌈김치, 그때 그때 삶는 보쌈고기!','40분','원할머니보쌈1.png','원할머니보쌈2.png',1);
Insert into RESTAURANT (RST_ID,CATEGORY_ID,RST_NAME,PHONE,ADDRESS,MIN_ORDER,ORIGIN,HOURS,BUSSINESS_NUMBER,BUSSINESS_NAME,PAYMENTS,DELIVERY_TIP,RST_NOTICE,ESTIMATED_TIME,RST_PHOTO,RST_LOGO,ENABLE) values (10071,8,'몽쌍리족발보쌈','02-344-6574','서울특별시 강남구 역삼동 112',13000,'삼겹(돼지고기:네덜란드),족발(돼지고기:국내산),쌀(국내산),보쌈김치(배추:국내산,고춧가루:중국산,소금:국내산)','11:00 - 22:00','120-454-663','몽쌍리족발보쌈','네이버페이,차이,스마일페이,현장결제',4000,'매일 담그는 보쌈김치, 그때 그때 삶는 보쌈고기!','40분','몽쌍리족발보쌈1.png','몽쌍리족발보쌈2.png',1);
Insert into RESTAURANT (RST_ID,CATEGORY_ID,RST_NAME,PHONE,ADDRESS,MIN_ORDER,ORIGIN,HOURS,BUSSINESS_NUMBER,BUSSINESS_NAME,PAYMENTS,DELIVERY_TIP,RST_NOTICE,ESTIMATED_TIME,RST_PHOTO,RST_LOGO,ENABLE) values (10072,8,'오목집','02-344-6574','서울특별시 강남구 역삼동 112',13000,'삼겹(돼지고기:네덜란드),족발(돼지고기:국내산),쌀(국내산),보쌈김치(배추:국내산,고춧가루:중국산,소금:국내산)','11:00 - 22:00','120-454-663','오목집','네이버페이,차이,스마일페이,현장결제',4000,'매일 담그는 보쌈김치, 그때 그때 삶는 보쌈고기!','40분','오목집1.png','오목집2.png',1);
Insert into RESTAURANT (RST_ID,CATEGORY_ID,RST_NAME,PHONE,ADDRESS,MIN_ORDER,ORIGIN,HOURS,BUSSINESS_NUMBER,BUSSINESS_NAME,PAYMENTS,DELIVERY_TIP,RST_NOTICE,ESTIMATED_TIME,RST_PHOTO,RST_LOGO,ENABLE) values (10073,8,'기대만족','02-344-6574','서울특별시 강남구 역삼동 112',13000,'삼겹(돼지고기:네덜란드),족발(돼지고기:국내산),쌀(국내산),보쌈김치(배추:국내산,고춧가루:중국산,소금:국내산)','11:00 - 22:00','120-454-663','기대만족','네이버페이,차이,스마일페이,현장결제',4000,'매일 담그는 보쌈김치, 그때 그때 삶는 보쌈고기!','40분','기대만족1.png','기대만족2.png',1);
Insert into RESTAURANT (RST_ID,CATEGORY_ID,RST_NAME,PHONE,ADDRESS,MIN_ORDER,ORIGIN,HOURS,BUSSINESS_NUMBER,BUSSINESS_NAME,PAYMENTS,DELIVERY_TIP,RST_NOTICE,ESTIMATED_TIME,RST_PHOTO,RST_LOGO,ENABLE) values (10074,8,'팔당족발','02-344-6574','서울특별시 강남구 역삼동 112',13000,'삼겹(돼지고기:네덜란드),족발(돼지고기:국내산),쌀(국내산),보쌈김치(배추:국내산,고춧가루:중국산,소금:국내산)','11:00 - 22:00','120-454-663','팔당족발','네이버페이,차이,스마일페이,현장결제',4000,'매일 담그는 보쌈김치, 그때 그때 삶는 보쌈고기!','40분','팔당족발1.png','팔당족발2.png',1);
Insert into RESTAURANT (RST_ID,CATEGORY_ID,RST_NAME,PHONE,ADDRESS,MIN_ORDER,ORIGIN,HOURS,BUSSINESS_NUMBER,BUSSINESS_NAME,PAYMENTS,DELIVERY_TIP,RST_NOTICE,ESTIMATED_TIME,RST_PHOTO,RST_LOGO,ENABLE) values (10075,8,'구구족','02-344-6574','서울특별시 강남구 역삼동 112',13000,'삼겹(돼지고기:네덜란드),족발(돼지고기:국내산),쌀(국내산),보쌈김치(배추:국내산,고춧가루:중국산,소금:국내산)','11:00 - 22:00','120-454-663','구구족','네이버페이,차이,스마일페이,현장결제',4000,'매일 담그는 보쌈김치, 그때 그때 삶는 보쌈고기!','40분','구구족1.png','구구족2.png',1);
Insert into RESTAURANT (RST_ID,CATEGORY_ID,RST_NAME,PHONE,ADDRESS,MIN_ORDER,ORIGIN,HOURS,BUSSINESS_NUMBER,BUSSINESS_NAME,PAYMENTS,DELIVERY_TIP,RST_NOTICE,ESTIMATED_TIME,RST_PHOTO,RST_LOGO,ENABLE) values (10076,8,'싸움의고수','02-344-6574','서울특별시 강남구 역삼동 112',13000,'삼겹(돼지고기:네덜란드),족발(돼지고기:국내산),쌀(국내산),보쌈김치(배추:국내산,고춧가루:중국산,소금:국내산)','11:00 - 22:00','120-454-663','싸움의고수','네이버페이,차이,스마일페이,현장결제',4000,'매일 담그는 보쌈김치, 그때 그때 삶는 보쌈고기!','40분','싸움의고수1.png','싸움의고수2.png',1);
Insert into RESTAURANT (RST_ID,CATEGORY_ID,RST_NAME,PHONE,ADDRESS,MIN_ORDER,ORIGIN,HOURS,BUSSINESS_NUMBER,BUSSINESS_NAME,PAYMENTS,DELIVERY_TIP,RST_NOTICE,ESTIMATED_TIME,RST_PHOTO,RST_LOGO,ENABLE) values (10077,8,'별족발','02-344-6574','서울특별시 강남구 역삼동 112',13000,'삼겹(돼지고기:네덜란드),족발(돼지고기:국내산),쌀(국내산),보쌈김치(배추:국내산,고춧가루:중국산,소금:국내산)','11:00 - 22:00','120-454-663','별족발','네이버페이,차이,스마일페이,현장결제',4000,'매일 담그는 보쌈김치, 그때 그때 삶는 보쌈고기!','40분','별족발1.png','별족발2.png',1);
Insert into RESTAURANT (RST_ID,CATEGORY_ID,RST_NAME,PHONE,ADDRESS,MIN_ORDER,ORIGIN,HOURS,BUSSINESS_NUMBER,BUSSINESS_NAME,PAYMENTS,DELIVERY_TIP,RST_NOTICE,ESTIMATED_TIME,RST_PHOTO,RST_LOGO,ENABLE) values (10078,8,'만족오향족발','02-344-6574','서울특별시 강남구 역삼동 112',13000,'삼겹(돼지고기:네덜란드),족발(돼지고기:국내산),쌀(국내산),보쌈김치(배추:국내산,고춧가루:중국산,소금:국내산)','11:00 - 22:00','120-454-663','만족오향족발','네이버페이,차이,스마일페이,현장결제',4000,'매일 담그는 보쌈김치, 그때 그때 삶는 보쌈고기!','40분','만족오향족발1.png','만족오향족발2.png',1);
Insert into RESTAURANT (RST_ID,CATEGORY_ID,RST_NAME,PHONE,ADDRESS,MIN_ORDER,ORIGIN,HOURS,BUSSINESS_NUMBER,BUSSINESS_NAME,PAYMENTS,DELIVERY_TIP,RST_NOTICE,ESTIMATED_TIME,RST_PHOTO,RST_LOGO,ENABLE) values (10079,8,'족삼리','02-344-6574','서울특별시 강남구 역삼동 112',13000,'삼겹(돼지고기:네덜란드),족발(돼지고기:국내산),쌀(국내산),보쌈김치(배추:국내산,고춧가루:중국산,소금:국내산)','11:00 - 22:00','120-454-663','만족오향족발','네이버페이,차이,스마일페이,현장결제',4000,'매일 담그는 보쌈김치, 그때 그때 삶는 보쌈고기!','40분','족삼리1.png','족삼리2.png',1);
Insert into RESTAURANT (RST_ID,CATEGORY_ID,RST_NAME,PHONE,ADDRESS,MIN_ORDER,ORIGIN,HOURS,BUSSINESS_NUMBER,BUSSINESS_NAME,PAYMENTS,DELIVERY_TIP,RST_NOTICE,ESTIMATED_TIME,RST_PHOTO,RST_LOGO,ENABLE) values (10080,9,'후라이드참잘하는집','02-123-1274','서울특별시 강남구 역삼동 796-1',14000,'뼈닭:국내산
순살:브라질산
소세지(국내산/수입산(미국,칠레,독일))','15:00 - 23:00','511-45-663','후라이드참잘하는집','네이버페이,차이,스마일페이,현장결제',4000,'후라이드참잘하는집 역삼점입니다.','45분','후라이드참잘하는집1.png','후라이드참잘하는집2.png',1);
Insert into RESTAURANT (RST_ID,CATEGORY_ID,RST_NAME,PHONE,ADDRESS,MIN_ORDER,ORIGIN,HOURS,BUSSINESS_NUMBER,BUSSINESS_NAME,PAYMENTS,DELIVERY_TIP,RST_NOTICE,ESTIMATED_TIME,RST_PHOTO,RST_LOGO,ENABLE) values (10081,9,'네네치킨','02-123-1334','서울특별시 강남구 역삼동 96',15000,'닭고기 : 국내산
소시지(돼지고기) : 국내산','15:00 - 23:00','5111-45-663','네네치킨','네이버페이,차이,스마일페이,현장결제',4000,'네네치킨 역삼점입니다.','45분','네네치킨1.png','네네치킨2.png',1);
Insert into RESTAURANT (RST_ID,CATEGORY_ID,RST_NAME,PHONE,ADDRESS,MIN_ORDER,ORIGIN,HOURS,BUSSINESS_NUMBER,BUSSINESS_NAME,PAYMENTS,DELIVERY_TIP,RST_NOTICE,ESTIMATED_TIME,RST_PHOTO,RST_LOGO,ENABLE) values (10082,9,'굽네치킨앤피자','02-234-5648','서울특별시 강남구 역삼동 787',15000,'*치킨 전 메뉴(닭고기:국내산)

*바비큐 시카고 딥디쉬 피자(팝모짜렐라슈레드:독일산, 스모크포크다이스:미국산)

*페퍼로니 찹찹피자(모짜렐라치즈:외국산-미국/오스트리아/독일 등,페퍼로니:돼지고기(국내산,외국산-미국/아일랜드/스페인 등),쇠고기:호주산)
','11:00 - 23:00','35-342-6634','굽네치킨','네이버페이,차이,스마일페이,현장결제',4000,'고객님들께 맛있고 따뜻한 치킨을 빠르게 배달해드리기위해
도곡동,대치동,삼성동,논현동,개포동은 배달료 1,000원이 추가됩니다.','40분','굽네치킨앤피자1.png','굽네치킨앤피자2.png',1);
Insert into RESTAURANT (RST_ID,CATEGORY_ID,RST_NAME,PHONE,ADDRESS,MIN_ORDER,ORIGIN,HOURS,BUSSINESS_NUMBER,BUSSINESS_NAME,PAYMENTS,DELIVERY_TIP,RST_NOTICE,ESTIMATED_TIME,RST_PHOTO,RST_LOGO,ENABLE) values (10083,9,'멕시카나','02-124-3123','서울특별시 강남구 역삼동 87',17000,'한마리치킨 : 닭고기(국내산)
순살치킨 : 닭고기(국내산)
멕시윙 : 닭고기(국내산/태국산)
멕시핀 : 닭고기(국내산)
멕시듀오 : 윙> 닭고기(국내산/태국산), 핀> 닭고기(국내산)
새우링 : 새우(베트남산)
고추튀김 : 돼지고기(국내산)
치즈돈까스 : 돼지고기(미국산)','16:00 - 23:00','315-342-6634','멕시카나치킨','네이버페이,차이,스마일페이,현장결제',4000,'멕시카나 신메뉴 [마늘 알마니 치킨] 10월 20일 출시!','50분','멕시카나1.png','멕시카나2.png',1);
Insert into RESTAURANT (RST_ID,CATEGORY_ID,RST_NAME,PHONE,ADDRESS,MIN_ORDER,ORIGIN,HOURS,BUSSINESS_NUMBER,BUSSINESS_NAME,PAYMENTS,DELIVERY_TIP,RST_NOTICE,ESTIMATED_TIME,RST_PHOTO,RST_LOGO,ENABLE) values (10084,9,'뉴욕버거앤치킨','02-324-3523','서울특별시 강남구 역삼동 123',12000,'닭고기]

국내산) 치킨(킹사이즈,하프사이즈), 텐더, 조각치킨, 핫도그류(소시지(돼지고기/닭고기)) 등

브라질산) 치킨(치킹버거(갈릭/칠리),순살치킨) / 브라질산+국내산) 패티류(해쉬브라운앤치킨버거)','12:00 - 23:00','520-454-663','뉴욕버거','네이버페이,차이,스마일페이,현장결제',3000,'뉴욕버거 배달제품 가격은 매장의제품 가격과 동일합니다','50분','뉴욕버거앤치킨1.png','뉴욕버거앤치킨2.png',1);
Insert into RESTAURANT (RST_ID,CATEGORY_ID,RST_NAME,PHONE,ADDRESS,MIN_ORDER,ORIGIN,HOURS,BUSSINESS_NUMBER,BUSSINESS_NAME,PAYMENTS,DELIVERY_TIP,RST_NOTICE,ESTIMATED_TIME,RST_PHOTO,RST_LOGO,ENABLE) values (10085,9,'맘스터치','02-124-2523','서울특별시 강남구 역삼동 21-3',13000,'1.닭고기:국내산 (후라이드치킨, 맘스양념치킨, 간장마늘치킨, 블랙쏘이치킨, 반반치킨, 후라이드텐더, 치즈뿌치텐더, 후라이드통다리, 할라피뇨너겟, 휠랩, 언빌리버블버거, 팝콘볼, 딥치즈버거, 휠렛버거, 햄치즈휠렛버거, 화이트갈릭버거, 치즈홀릭버거(체다,에멘탈), 공룡치킨)
2.닭고기:브라질산 (후라이드싸이순살, 맘스양념싸이순살, 치파오싸이순살, 간장마늘싸이순살, 치즈뿌치싸이순살, 블랙쏘이싸이순살, 케이준떡강정, 치파오떡강정, 간장마늘떡강정)','11:00 - 23:00','220-454-663','맘스터치','네이버페이,차이,스마일페이,현장결제',4000,'맘스터치 강남점입니다.','30분','맘스터치1.png','맘스터치2.png',1);
Insert into RESTAURANT (RST_ID,CATEGORY_ID,RST_NAME,PHONE,ADDRESS,MIN_ORDER,ORIGIN,HOURS,BUSSINESS_NUMBER,BUSSINESS_NAME,PAYMENTS,DELIVERY_TIP,RST_NOTICE,ESTIMATED_TIME,RST_PHOTO,RST_LOGO,ENABLE) values (10086,9,'처갓집양념치킨','02-334-2523','서울특별시 강남구 역삼동 121-3',17000,'닭고기 : 국내산
쌀 : 국내산','15:00 - 23:00','120-454-663','처갓집양념치킨','네이버페이,차이,스마일페이,현장결제',4000,'처갓집양념치킨 강남점입니다.','50분','처갓집양념치킨1.png','처갓집양념치킨2.png',1);
Insert into RESTAURANT (RST_ID,CATEGORY_ID,RST_NAME,PHONE,ADDRESS,MIN_ORDER,ORIGIN,HOURS,BUSSINESS_NUMBER,BUSSINESS_NAME,PAYMENTS,DELIVERY_TIP,RST_NOTICE,ESTIMATED_TIME,RST_PHOTO,RST_LOGO,ENABLE) values (10087,9,'또래오래','02-124-2523','서울특별시 강남구 역삼동 11',17000,'닭고기 : 국내산
쌀 : 국내산','15:00 - 23:00','122-454-663','또래오래','네이버페이,차이,스마일페이,현장결제',4000,'또래오래 강남점입니다.','50분','또래오래1.png','또래오래2.png',1);
Insert into RESTAURANT (RST_ID,CATEGORY_ID,RST_NAME,PHONE,ADDRESS,MIN_ORDER,ORIGIN,HOURS,BUSSINESS_NUMBER,BUSSINESS_NAME,PAYMENTS,DELIVERY_TIP,RST_NOTICE,ESTIMATED_TIME,RST_PHOTO,RST_LOGO,ENABLE) values (10088,9,'걸작떡볶이치킨','02-124-2523','서울특별시 강남구 역삼동 121',17000,'깐풍치킨/양념치킨/찐맵치킨/레몬크림새우치킨/나쵸킹바삭치킨 : 닭고기(국내산)
미트킹치폴레떡볶이 : 돼지고기/소고기(국내산)
숯불킹떡볶이/숯불고기컵밥 : 돼지고기(미국산)','15:00 - 23:00','122-454-663','걸작떡볶이치킨','네이버페이,차이,스마일페이,현장결제',4000,'걸작떡볶이치킨강남점입니다.','50분','걸작떡볶이치킨1.png','걸작떡볶이치킨2.png',1);
Insert into RESTAURANT (RST_ID,CATEGORY_ID,RST_NAME,PHONE,ADDRESS,MIN_ORDER,ORIGIN,HOURS,BUSSINESS_NUMBER,BUSSINESS_NAME,PAYMENTS,DELIVERY_TIP,RST_NOTICE,ESTIMATED_TIME,RST_PHOTO,RST_LOGO,ENABLE) values (10089,9,'롯데리아','02-124-3432','서울특별시 강남구 역삼동 394',15000,'*한우불고기버거 : 쇠고기 ( 국내산 한우 )
*핫크리스피버거 : 닭고기 ( 국내산 )
*불고기버거 : 쇠고기 ( 호주산 )
*클래식치즈버거 : 쇠고기 ( 호주산 )','13:00 - 23:00','122-2342-663','롯데리아','네이버페이,차이,스마일페이,현장결제',4000,'롯데리아 역삼점입니다.','50분','롯데리아1.png','롯데리아2.png',1);
Insert into RESTAURANT (RST_ID,CATEGORY_ID,RST_NAME,PHONE,ADDRESS,MIN_ORDER,ORIGIN,HOURS,BUSSINESS_NUMBER,BUSSINESS_NAME,PAYMENTS,DELIVERY_TIP,RST_NOTICE,ESTIMATED_TIME,RST_PHOTO,RST_LOGO,ENABLE) values (10090,10,'강다짐','02-943-1234','서울특별시 강남구 역삼동 123-1',8000,'쌀(국산)/배추김치(볶음김치)[배추(국산),고춧가루(국산)]/강다짐:가다랑어(수입산)/참치마요,맵참마요,고추참치,맵고추참치:가다랑어(원양산)','09:00 - 22:00','220-09-0132','강다짐삼각김밥','네이버페이,차이,스마일페이',3000,'안녕하세요 강다짐 삼각김밥 강남역지하상가점 입니다','40분','강다짐1.jpg','강다짐2.png',1);
Insert into RESTAURANT (RST_ID,CATEGORY_ID,RST_NAME,PHONE,ADDRESS,MIN_ORDER,ORIGIN,HOURS,BUSSINESS_NUMBER,BUSSINESS_NAME,PAYMENTS,DELIVERY_TIP,RST_NOTICE,ESTIMATED_TIME,RST_PHOTO,RST_LOGO,ENABLE) values (10091,10,'삼첩분식','02-314-1274','서울특별시 강남구 역삼동 282-1',17000,'원산지 : 쌀(국내산), 대패삼겹살(돼지고기:네덜란드산), 비엔나소시지(돈육,계육:국내산), 순살치킨(닭고기:브라질산), 대구막창(돼지고기:미국산), 닭껍질튀김(닭고기:국내산), 오징어튀김(오징어:칠레산), 고추튀김(돼지고기:국내산), 새우(베트남산), 베이컨(돼지고기:외국산), 우삼겹(소고기:미국산)','12:00 - 21:00','560-45-663','삼첩분식강남역삼점','네이버페이,차이,스마일페이,현장결제',4000,'함께하는 분식, 삼첩분식입니다 :D','45분','삼첩분식1.png','삼첩분식2.png',1);
Insert into RESTAURANT (RST_ID,CATEGORY_ID,RST_NAME,PHONE,ADDRESS,MIN_ORDER,ORIGIN,HOURS,BUSSINESS_NUMBER,BUSSINESS_NAME,PAYMENTS,DELIVERY_TIP,RST_NOTICE,ESTIMATED_TIME,RST_PHOTO,RST_LOGO,ENABLE) values (10092,10,'걸작떡볶이치킨','02-124-2523','서울특별시 강남구 역삼동 121',17000,'깐풍치킨/양념치킨/찐맵치킨/레몬크림새우치킨/나쵸킹바삭치킨 : 닭고기(국내산)
미트킹치폴레떡볶이 : 돼지고기/소고기(국내산)
숯불킹떡볶이/숯불고기컵밥 : 돼지고기(미국산)','15:00 - 23:00','122-454-663','걸작떡볶이치킨','네이버페이,차이,스마일페이,현장결제',4000,'걸작떡볶이치킨강남점입니다.','50분','걸작떡볶이치킨1.png','걸작떡볶이치킨2.png',1);
Insert into RESTAURANT (RST_ID,CATEGORY_ID,RST_NAME,PHONE,ADDRESS,MIN_ORDER,ORIGIN,HOURS,BUSSINESS_NUMBER,BUSSINESS_NAME,PAYMENTS,DELIVERY_TIP,RST_NOTICE,ESTIMATED_TIME,RST_PHOTO,RST_LOGO,ENABLE) values (10093,10,'소풍김밥','02-943-4353','서울특별시 강남구 역삼동 631-1',5000,'육회(소고기: 호주산), 연어(노르웨이산), 참치(원양산)','13:00 - 00:00','197-75-0132','소풍김밥','신용카드',4000,'소풍김밥 역삼점 입니다.','50분','소풍김밥1.png','소풍김밥2.png',1);
Insert into RESTAURANT (RST_ID,CATEGORY_ID,RST_NAME,PHONE,ADDRESS,MIN_ORDER,ORIGIN,HOURS,BUSSINESS_NUMBER,BUSSINESS_NAME,PAYMENTS,DELIVERY_TIP,RST_NOTICE,ESTIMATED_TIME,RST_PHOTO,RST_LOGO,ENABLE) values (10094,10,'스쿨푸드','02-943-4353','서울특별시 강남구 역삼동 631-1',5000,'육회(소고기: 호주산), 연어(노르웨이산), 참치(원양산)','13:00 - 00:00','197-75-0132','스쿨푸드','신용카드',4000,'스쿨푸드역삼점 입니다.','50분','스쿨푸드1.png','스쿨푸드2.png',1);
Insert into RESTAURANT (RST_ID,CATEGORY_ID,RST_NAME,PHONE,ADDRESS,MIN_ORDER,ORIGIN,HOURS,BUSSINESS_NUMBER,BUSSINESS_NAME,PAYMENTS,DELIVERY_TIP,RST_NOTICE,ESTIMATED_TIME,RST_PHOTO,RST_LOGO,ENABLE) values (10095,10,'죠스떡볶이','02-943-4353','서울특별시 강남구 역삼동 631-1',5000,'육회(소고기: 호주산), 연어(노르웨이산), 참치(원양산)','13:00 - 00:00','197-75-0132','죠스떡볶이','신용카드',4000,'죠스떡볶이입니다.','50분','죠스떡볶이1.png','죠스떡볶이2.png',1);
Insert into RESTAURANT (RST_ID,CATEGORY_ID,RST_NAME,PHONE,ADDRESS,MIN_ORDER,ORIGIN,HOURS,BUSSINESS_NUMBER,BUSSINESS_NAME,PAYMENTS,DELIVERY_TIP,RST_NOTICE,ESTIMATED_TIME,RST_PHOTO,RST_LOGO,ENABLE) values (10096,10,'바르다김선생','02-943-4353','서울특별시 강남구 역삼동 631-1',5000,'육회(소고기: 호주산), 연어(노르웨이산), 참치(원양산)','13:00 - 00:00','197-75-0132','바르다김선생','신용카드',4000,'바르다김선생입니다.','50분','바르다김선생1.png','바르다김선생2.png',1);
Insert into RESTAURANT (RST_ID,CATEGORY_ID,RST_NAME,PHONE,ADDRESS,MIN_ORDER,ORIGIN,HOURS,BUSSINESS_NUMBER,BUSSINESS_NAME,PAYMENTS,DELIVERY_TIP,RST_NOTICE,ESTIMATED_TIME,RST_PHOTO,RST_LOGO,ENABLE) values (10016,2,'원할머니보쌈','02-344-6574','서울특별시 강남구 역삼동 112',13000,'삼겹(돼지고기:네덜란드),족발(돼지고기:국내산),쌀(국내산),보쌈김치(배추:국내산,고춧가루:중국산,소금:국내산)','11:00 - 22:00','120-454-663','원할머니보쌈','네이버페이,차이,스마일페이,현장결제',4000,'매일 담그는 보쌈김치, 그때 그때 삶는 보쌈고기!','40분','원할머니보쌈1.png','원할머니보쌈2.png',1);
Insert into RESTAURANT (RST_ID,CATEGORY_ID,RST_NAME,PHONE,ADDRESS,MIN_ORDER,ORIGIN,HOURS,BUSSINESS_NUMBER,BUSSINESS_NAME,PAYMENTS,DELIVERY_TIP,RST_NOTICE,ESTIMATED_TIME,RST_PHOTO,RST_LOGO,ENABLE) values (10017,2,'피자헛','02-314-6574','서울특별시 강남구 역삼동 52',19000,'갈릭버터쉬림프(L)
알래스카 크랩스(미국산 명태)
갈릭버터쉬림프(M)
알래스카 크랩스(미국산 명태)
티본스테이크(L)
안심스테이크(호주산 소고기) 척아이롤(미국산 소고기) 로스트어니언스테이크 (호주산 소고기) 알래스카 크랩스(미국산 명태)','12:00 - 22:00','590-45-663','피자헛강남역삼점','네이버페이,차이,스마일페이,현장결제',4000,'피자헛 강남역삼점입니다.','40분','피자헛1.png','피자헛2.png',1);
Insert into RESTAURANT (RST_ID,CATEGORY_ID,RST_NAME,PHONE,ADDRESS,MIN_ORDER,ORIGIN,HOURS,BUSSINESS_NUMBER,BUSSINESS_NAME,PAYMENTS,DELIVERY_TIP,RST_NOTICE,ESTIMATED_TIME,RST_PHOTO,RST_LOGO,ENABLE) values (10018,2,'배스킨라빈스','02-314-6574','서울특별시 강남구 역삼동 32',14000,'(아이스크림)
민트 초콜릿 칩:유크림/뉴질랜드산, 혼합분유/네덜란드산, 초콜릿/싱가포르산
피스타치오 아몬드:유크림/뉴질랜드산, 볶음아몬드반태(아몬드/미국산), 혼합분유/네덜란드산, 천연향료(피스타치오향)/미국산초콜릿 무스:유크림/뉴질랜드산, 엔디에이 초코후레바 후레이크/미국산, 혼합분유/네덜란드산','11:00 - 22:00','190-45-663','배스킨라빈스','네이버페이,차이,스마일페이,현장결제',4000,'배스킨라빈스 강남역삼점입니다.','55분','배스킨라빈스1.png','배스킨라빈스2.png',1);
Insert into RESTAURANT (RST_ID,CATEGORY_ID,RST_NAME,PHONE,ADDRESS,MIN_ORDER,ORIGIN,HOURS,BUSSINESS_NUMBER,BUSSINESS_NAME,PAYMENTS,DELIVERY_TIP,RST_NOTICE,ESTIMATED_TIME,RST_PHOTO,RST_LOGO,ENABLE) values (10019,2,'삼첩분식','02-314-1274','서울특별시 강남구 역삼동 282-1',17000,'원산지 : 쌀(국내산), 대패삼겹살(돼지고기:네덜란드산), 비엔나소시지(돈육,계육:국내산), 순살치킨(닭고기:브라질산), 대구막창(돼지고기:미국산), 닭껍질튀김(닭고기:국내산), 오징어튀김(오징어:칠레산), 고추튀김(돼지고기:국내산), 새우(베트남산), 베이컨(돼지고기:외국산), 우삼겹(소고기:미국산)','12:00 - 21:00','560-45-663','삼첩분식강남역삼점','네이버페이,차이,스마일페이,현장결제',4000,'함께하는 분식, 삼첩분식입니다 :D','45분','삼첩분식1.png','삼첩분식2.png',1);
Insert into RESTAURANT (RST_ID,CATEGORY_ID,RST_NAME,PHONE,ADDRESS,MIN_ORDER,ORIGIN,HOURS,BUSSINESS_NUMBER,BUSSINESS_NAME,PAYMENTS,DELIVERY_TIP,RST_NOTICE,ESTIMATED_TIME,RST_PHOTO,RST_LOGO,ENABLE) values (10020,3,'후라이드참잘하는집','02-123-1274','서울특별시 강남구 역삼동 796-1',14000,'뼈닭:국내산
순살:브라질산
소세지(국내산/수입산(미국,칠레,독일))','15:00 - 23:00','511-45-663','후라이드참잘하는집','네이버페이,차이,스마일페이,현장결제',4000,'후라이드참잘하는집 역삼점입니다.','45분','후라이드참잘하는집1.png','후라이드참잘하는집2.png',1);
Insert into RESTAURANT (RST_ID,CATEGORY_ID,RST_NAME,PHONE,ADDRESS,MIN_ORDER,ORIGIN,HOURS,BUSSINESS_NUMBER,BUSSINESS_NAME,PAYMENTS,DELIVERY_TIP,RST_NOTICE,ESTIMATED_TIME,RST_PHOTO,RST_LOGO,ENABLE) values (10021,3,'네네치킨','02-123-1334','서울특별시 강남구 역삼동 96',15000,'닭고기 : 국내산
소시지(돼지고기) : 국내산','15:00 - 23:00','5111-45-663','네네치킨','네이버페이,차이,스마일페이,현장결제',4000,'네네치킨 역삼점입니다.','45분','네네치킨1.png','네네치킨2.png',1);
Insert into RESTAURANT (RST_ID,CATEGORY_ID,RST_NAME,PHONE,ADDRESS,MIN_ORDER,ORIGIN,HOURS,BUSSINESS_NUMBER,BUSSINESS_NAME,PAYMENTS,DELIVERY_TIP,RST_NOTICE,ESTIMATED_TIME,RST_PHOTO,RST_LOGO,ENABLE) values (10022,3,'굽네치킨앤피자','02-234-5648','서울특별시 강남구 역삼동 787',15000,'*치킨 전 메뉴(닭고기:국내산)

*바비큐 시카고 딥디쉬 피자(팝모짜렐라슈레드:독일산, 스모크포크다이스:미국산)

*페퍼로니 찹찹피자(모짜렐라치즈:외국산-미국/오스트리아/독일 등,페퍼로니:돼지고기(국내산,외국산-미국/아일랜드/스페인 등),쇠고기:호주산)
','11:00 - 23:00','35-342-6634','굽네치킨','네이버페이,차이,스마일페이,현장결제',4000,'고객님들께 맛있고 따뜻한 치킨을 빠르게 배달해드리기위해
도곡동,대치동,삼성동,논현동,개포동은 배달료 1,000원이 추가됩니다.','40분','굽네치킨앤피자1.png','굽네치킨앤피자2.png',1);
Insert into RESTAURANT (RST_ID,CATEGORY_ID,RST_NAME,PHONE,ADDRESS,MIN_ORDER,ORIGIN,HOURS,BUSSINESS_NUMBER,BUSSINESS_NAME,PAYMENTS,DELIVERY_TIP,RST_NOTICE,ESTIMATED_TIME,RST_PHOTO,RST_LOGO,ENABLE) values (10023,3,'멕시카나','02-124-3123','서울특별시 강남구 역삼동 87',17000,'한마리치킨 : 닭고기(국내산)
순살치킨 : 닭고기(국내산)
멕시윙 : 닭고기(국내산/태국산)
멕시핀 : 닭고기(국내산)
멕시듀오 : 윙> 닭고기(국내산/태국산), 핀> 닭고기(국내산)
새우링 : 새우(베트남산)
고추튀김 : 돼지고기(국내산)
치즈돈까스 : 돼지고기(미국산)','16:00 - 23:00','315-342-6634','멕시카나치킨','네이버페이,차이,스마일페이,현장결제',4000,'멕시카나 신메뉴 [마늘 알마니 치킨] 10월 20일 출시!','50분','멕시카나1.png','멕시카나2.png',1);
Insert into RESTAURANT (RST_ID,CATEGORY_ID,RST_NAME,PHONE,ADDRESS,MIN_ORDER,ORIGIN,HOURS,BUSSINESS_NUMBER,BUSSINESS_NAME,PAYMENTS,DELIVERY_TIP,RST_NOTICE,ESTIMATED_TIME,RST_PHOTO,RST_LOGO,ENABLE) values (10024,3,'뉴욕버거앤치킨','02-324-3523','서울특별시 강남구 역삼동 123',12000,'닭고기]

국내산) 치킨(킹사이즈,하프사이즈), 텐더, 조각치킨, 핫도그류(소시지(돼지고기/닭고기)) 등

브라질산) 치킨(치킹버거(갈릭/칠리),순살치킨) / 브라질산+국내산) 패티류(해쉬브라운앤치킨버거)','12:00 - 23:00','520-454-663','뉴욕버거','네이버페이,차이,스마일페이,현장결제',3000,'뉴욕버거 배달제품 가격은 매장의제품 가격과 동일합니다','50분','뉴욕버거앤치킨1.png','뉴욕버거앤치킨2.png',1);
Insert into RESTAURANT (RST_ID,CATEGORY_ID,RST_NAME,PHONE,ADDRESS,MIN_ORDER,ORIGIN,HOURS,BUSSINESS_NUMBER,BUSSINESS_NAME,PAYMENTS,DELIVERY_TIP,RST_NOTICE,ESTIMATED_TIME,RST_PHOTO,RST_LOGO,ENABLE) values (10025,3,'맘스터치','02-124-2523','서울특별시 강남구 역삼동 21-3',13000,'1.닭고기:국내산 (후라이드치킨, 맘스양념치킨, 간장마늘치킨, 블랙쏘이치킨, 반반치킨, 후라이드텐더, 치즈뿌치텐더, 후라이드통다리, 할라피뇨너겟, 휠랩, 언빌리버블버거, 팝콘볼, 딥치즈버거, 휠렛버거, 햄치즈휠렛버거, 화이트갈릭버거, 치즈홀릭버거(체다,에멘탈), 공룡치킨)
2.닭고기:브라질산 (후라이드싸이순살, 맘스양념싸이순살, 치파오싸이순살, 간장마늘싸이순살, 치즈뿌치싸이순살, 블랙쏘이싸이순살, 케이준떡강정, 치파오떡강정, 간장마늘떡강정)','11:00 - 23:00','220-454-663','맘스터치','네이버페이,차이,스마일페이,현장결제',4000,'맘스터치 강남점입니다.','30분','맘스터치1.png','맘스터치2.png',1);
Insert into RESTAURANT (RST_ID,CATEGORY_ID,RST_NAME,PHONE,ADDRESS,MIN_ORDER,ORIGIN,HOURS,BUSSINESS_NUMBER,BUSSINESS_NAME,PAYMENTS,DELIVERY_TIP,RST_NOTICE,ESTIMATED_TIME,RST_PHOTO,RST_LOGO,ENABLE) values (10026,3,'처갓집양념치킨','02-334-2523','서울특별시 강남구 역삼동 121-3',17000,'닭고기 : 국내산
쌀 : 국내산','15:00 - 23:00','120-454-663','처갓집양념치킨','네이버페이,차이,스마일페이,현장결제',4000,'처갓집양념치킨 강남점입니다.','50분','처갓집양념치킨1.png','처갓집양념치킨2.png',1);
Insert into RESTAURANT (RST_ID,CATEGORY_ID,RST_NAME,PHONE,ADDRESS,MIN_ORDER,ORIGIN,HOURS,BUSSINESS_NUMBER,BUSSINESS_NAME,PAYMENTS,DELIVERY_TIP,RST_NOTICE,ESTIMATED_TIME,RST_PHOTO,RST_LOGO,ENABLE) values (10027,3,'또래오래','02-124-2523','서울특별시 강남구 역삼동 11',17000,'닭고기 : 국내산
쌀 : 국내산','15:00 - 23:00','122-454-663','또래오래','네이버페이,차이,스마일페이,현장결제',4000,'또래오래 강남점입니다.','50분','또래오래1.png','또래오래2.png',1);
Insert into RESTAURANT (RST_ID,CATEGORY_ID,RST_NAME,PHONE,ADDRESS,MIN_ORDER,ORIGIN,HOURS,BUSSINESS_NUMBER,BUSSINESS_NAME,PAYMENTS,DELIVERY_TIP,RST_NOTICE,ESTIMATED_TIME,RST_PHOTO,RST_LOGO,ENABLE) values (10028,3,'걸작떡볶이치킨','02-124-2523','서울특별시 강남구 역삼동 121',17000,'깐풍치킨/양념치킨/찐맵치킨/레몬크림새우치킨/나쵸킹바삭치킨 : 닭고기(국내산)
미트킹치폴레떡볶이 : 돼지고기/소고기(국내산)
숯불킹떡볶이/숯불고기컵밥 : 돼지고기(미국산)','15:00 - 23:00','122-454-663','걸작떡볶이치킨','네이버페이,차이,스마일페이,현장결제',4000,'걸작떡볶이치킨강남점입니다.','50분','걸작떡볶이치킨1.png','걸작떡볶이치킨2.png',1);
Insert into RESTAURANT (RST_ID,CATEGORY_ID,RST_NAME,PHONE,ADDRESS,MIN_ORDER,ORIGIN,HOURS,BUSSINESS_NUMBER,BUSSINESS_NAME,PAYMENTS,DELIVERY_TIP,RST_NOTICE,ESTIMATED_TIME,RST_PHOTO,RST_LOGO,ENABLE) values (10029,3,'롯데리아','02-124-3432','서울특별시 강남구 역삼동 394',15000,'*한우불고기버거 : 쇠고기 ( 국내산 한우 )
*핫크리스피버거 : 닭고기 ( 국내산 )
*불고기버거 : 쇠고기 ( 호주산 )
*클래식치즈버거 : 쇠고기 ( 호주산 )','13:00 - 23:00','122-2342-663','롯데리아','네이버페이,차이,스마일페이,현장결제',4000,'롯데리아 역삼점입니다.','50분','롯데리아1.png','롯데리아2.png',1);
Insert into RESTAURANT (RST_ID,CATEGORY_ID,RST_NAME,PHONE,ADDRESS,MIN_ORDER,ORIGIN,HOURS,BUSSINESS_NUMBER,BUSSINESS_NAME,PAYMENTS,DELIVERY_TIP,RST_NOTICE,ESTIMATED_TIME,RST_PHOTO,RST_LOGO,ENABLE) values (10030,4,'파스타입니다','02-943-1244','서울특별시 강남구 역삼동 42-1',6000,'새우(베트남산)마늘(국내산)양파(국산)버섯(국산)스파게티면(이탈리아) 쌀(국내산) 배추김치(배추:국내산, 고춧가루:국내산) 
소고기(미국산) 베이컨(미국산) 오징어(중국산) 대왕소세지(국내산과 미국산을 섞음) 가라아게(태국산) 
버팔로봉(태국산) 버팔로윙(태국산) 치즈볼(치즈:외국산,탈지분유:미국산,팜유:말레이시아산) 
치킨텐더(국내산) 계란(국내산) 호밀빵(밀가루:미국산 곡류:벨기에산 호밀분말:캐나다산) 
해쉬브라운(벨기에산) 돈까스(국내산)떡갈비(국내산,호주산) 피클(국내산)바지락(중국산)','09:40 - 23:00','2704-45-4132','파스타입니다','네이버페이,차이페이',4000,'맛있는 요리로 보답하겠습니다','20분','파스타입니다1.jpg','파스타입니다2.png',1);
Insert into RESTAURANT (RST_ID,CATEGORY_ID,RST_NAME,PHONE,ADDRESS,MIN_ORDER,ORIGIN,HOURS,BUSSINESS_NUMBER,BUSSINESS_NAME,PAYMENTS,DELIVERY_TIP,RST_NOTICE,ESTIMATED_TIME,RST_PHOTO,RST_LOGO,ENABLE) values (10031,4,'비스트로피자','02-234-1348','서울특별시 강남구 역삼동 283',14000,'돼지고기(국산): 페퍼로니피자, 스위트고구마피자, 골드고구마피자, 슈퍼콤비네이션피자, 뉴욕소세지피자, 치즈오븐스파게티, 쉬림프크림스파게티','11:00 - 23:00','35-342-6634','비스트로피자','네이버페이,차이,스마일페이',4000,'♥♥비스트로피자 찜 하트 눌러주세요♥♥','40분','비스트로피자1.png','비스트로피자2.png',1);
Insert into RESTAURANT (RST_ID,CATEGORY_ID,RST_NAME,PHONE,ADDRESS,MIN_ORDER,ORIGIN,HOURS,BUSSINESS_NUMBER,BUSSINESS_NAME,PAYMENTS,DELIVERY_TIP,RST_NOTICE,ESTIMATED_TIME,RST_PHOTO,RST_LOGO,ENABLE) values (10002,1,'너무한육회연어','02-943-4353','서울특별시 강남구 역삼동 63-1',5000,'육회(소고기: 호주산), 연어(노르웨이산), 참치(원양산)','13:00 - 00:00','197-75-0132','너무한육회연어','신용카드',4000,'★★3종!! 리뷰EVENT★★ 이거이거 너무 퍼주는거 아니야?! 

★1번!! 셰프 특선 연어유부초밥 2Ps★
★2번!! 셰프님의 특제 비밀 소스로 만든 밥도둑 양념게장 3ps!!★
★3번!!  코카콜라가 만든 음료3종!(콜라,스프라이트,환타파인)','50분','너무한육회연어1.png','너무한육회연어2.png',1);
Insert into RESTAURANT (RST_ID,CATEGORY_ID,RST_NAME,PHONE,ADDRESS,MIN_ORDER,ORIGIN,HOURS,BUSSINESS_NUMBER,BUSSINESS_NAME,PAYMENTS,DELIVERY_TIP,RST_NOTICE,ESTIMATED_TIME,RST_PHOTO,RST_LOGO,ENABLE) values (10003,1,'THE가득담은1인김치찜','02-532-1242','서울특별시 강남구 역삼동 214-23',8000,'삼겹살(스페인산), 삼겹양지(미국산), 쌀(국내산), 흑미(국내산), 김치(중국산), 고춧가루(중국산, 베트남산), 오징어젓갈(중국산), 콩[두부,순두부](중국, 미국)','15:00 - 23:00','374-85-01732','알잘딱깔센','네이버페이',1200,'리뷰 이벤트
1. 도시락김
2. 두부 추가
요청사항에 "리뷰가득"이라고 적어주세요!','50분','THE가득담은1인김치찜2.png','THE가득담은1인김치찜2.png',1);
Insert into RESTAURANT (RST_ID,CATEGORY_ID,RST_NAME,PHONE,ADDRESS,MIN_ORDER,ORIGIN,HOURS,BUSSINESS_NUMBER,BUSSINESS_NAME,PAYMENTS,DELIVERY_TIP,RST_NOTICE,ESTIMATED_TIME,RST_PHOTO,RST_LOGO,ENABLE) values (10004,1,'혼밥대왕','02-341-1344','서울특별시 강남구 역삼동 226',7900,'쌀:국내산두부:외국산(미국,캐나다,호주)순두부:외국산(미국,캐나다,호주)김치찌개 김치:국내산(고추가루(중국산))
볶음김치 :중국산 고운/굵은/청양 고추가루:중국산육회:호주산소고기
전각:미국산우삼겹:호주산 찌개용돼지고기:국내산 볶음용돼지고기:국내산','10:00 - 22:00','401-85-0542','혼밥대장','네이퍼페이,차이,스마일페이,현장결제',3000,'ⓐ 우측상단의 찜 부탁드려요!
ⓑ 음식을 받으시고 사진찰칵! 과 함께
ⓒ ★x5개와 솔직한리뷰를 남겨주세요!
ⓓ 고객님의 번호는 배달목적외에 사용되지않습니다!','50분','혼밥대왕2.png','혼밥대왕2.png',1);
Insert into RESTAURANT (RST_ID,CATEGORY_ID,RST_NAME,PHONE,ADDRESS,MIN_ORDER,ORIGIN,HOURS,BUSSINESS_NUMBER,BUSSINESS_NAME,PAYMENTS,DELIVERY_TIP,RST_NOTICE,ESTIMATED_TIME,RST_PHOTO,RST_LOGO,ENABLE) values (10005,1,'두레반돼지국밥','02-943-1231','서울특별시 강남구 역삼동 63-1',5000,'원두: 콜롬비아산','09:00 - 21:00','944-85-0132','두레반돼지국밥','현장결제,네이버페이',3000,'강남구청역에서 10년째 맑은국물 돼지국밥으로 입소문이 나고 있는 두레반입니다. 
항상 깨끗하고 좋은음식을 대접하기 위해 최선을 다해 노력하겠습니다 ','30분','두레반돼지국밥1.png','두레반돼지국밥2.png',1);
Insert into RESTAURANT (RST_ID,CATEGORY_ID,RST_NAME,PHONE,ADDRESS,MIN_ORDER,ORIGIN,HOURS,BUSSINESS_NUMBER,BUSSINESS_NAME,PAYMENTS,DELIVERY_TIP,RST_NOTICE,ESTIMATED_TIME,RST_PHOTO,RST_LOGO,ENABLE) values (10006,1,'소년배달돼지','02-325-2312','서울특별시 강남구 역삼동 731-12',9000,'김치찜 김치: 국내산++ , 꽁치(원양산), 시골김(국내산)
돼지고기:독일산,덴마크산,국내산,미국산/ 고춧가루:국내산,중국산 혼합/ 쌀:국내산/ 갈치속젓:국내산','16:00 - 00:00','158-85-00884','소년돼지','네이버페이,차이,스마일페이',3000,'고기200g 이상은 큰용기에 포장해드리고 있습니다. 따로따로 포장을 원하시면 요청사항에 남겨주세요.','50분','소년배달돼지1.png','소년배달돼지2.png',1);
Insert into RESTAURANT (RST_ID,CATEGORY_ID,RST_NAME,PHONE,ADDRESS,MIN_ORDER,ORIGIN,HOURS,BUSSINESS_NUMBER,BUSSINESS_NAME,PAYMENTS,DELIVERY_TIP,RST_NOTICE,ESTIMATED_TIME,RST_PHOTO,RST_LOGO,ENABLE) values (10007,1,'파스타입니다','02-943-1244','서울특별시 강남구 역삼동 42-1',6000,'새우(베트남산)마늘(국내산)양파(국산)버섯(국산)스파게티면(이탈리아) 쌀(국내산) 배추김치(배추:국내산, 고춧가루:국내산) 
소고기(미국산) 베이컨(미국산) 오징어(중국산) 대왕소세지(국내산과 미국산을 섞음) 가라아게(태국산) 
버팔로봉(태국산) 버팔로윙(태국산) 치즈볼(치즈:외국산,탈지분유:미국산,팜유:말레이시아산) 
치킨텐더(국내산) 계란(국내산) 호밀빵(밀가루:미국산 곡류:벨기에산 호밀분말:캐나다산) 
해쉬브라운(벨기에산) 돈까스(국내산)떡갈비(국내산,호주산) 피클(국내산)바지락(중국산)','09:40 - 23:00','2704-45-4132','파스타입니다','네이버페이,차이페이',4000,'맛있는 요리로 보답하겠습니다','20분','파스타입니다1.jpg','파스타입니다2.png',1);
Insert into RESTAURANT (RST_ID,CATEGORY_ID,RST_NAME,PHONE,ADDRESS,MIN_ORDER,ORIGIN,HOURS,BUSSINESS_NUMBER,BUSSINESS_NAME,PAYMENTS,DELIVERY_TIP,RST_NOTICE,ESTIMATED_TIME,RST_PHOTO,RST_LOGO,ENABLE) values (10008,1,'강다짐','02-943-1234','서울특별시 강남구 역삼동 123-1',8000,'쌀(국산)/배추김치(볶음김치)[배추(국산),고춧가루(국산)]/강다짐:가다랑어(수입산)/참치마요,맵참마요,고추참치,맵고추참치:가다랑어(원양산)','09:00 - 22:00','220-09-0132','강다짐삼각김밥','네이버페이,차이,스마일페이',3000,'안녕하세요 강다짐 삼각김밥 강남역지하상가점 입니다','40분','강다짐1.jpg','강다짐2.png',1);
Insert into RESTAURANT (RST_ID,CATEGORY_ID,RST_NAME,PHONE,ADDRESS,MIN_ORDER,ORIGIN,HOURS,BUSSINESS_NUMBER,BUSSINESS_NAME,PAYMENTS,DELIVERY_TIP,RST_NOTICE,ESTIMATED_TIME,RST_PHOTO,RST_LOGO,ENABLE) values (10009,1,'새우공장','02-943-3432','서울특별시 강남구 역삼동 147-1',10000,'새우(베트남산, 중국산)
양파(국산)
쌀(국산)','12:00 - 23:00','233-23-3112','새우공장','네이버페이,차이,스마일페이',4000,'!!새우의 모든 것!! 새우공장 강남점 OPEN','40분','새우공장1.png','새우공장2.png',1);
Insert into RESTAURANT (RST_ID,CATEGORY_ID,RST_NAME,PHONE,ADDRESS,MIN_ORDER,ORIGIN,HOURS,BUSSINESS_NUMBER,BUSSINESS_NAME,PAYMENTS,DELIVERY_TIP,RST_NOTICE,ESTIMATED_TIME,RST_PHOTO,RST_LOGO,ENABLE) values (10010,2,'비스트로피자','02-234-1348','서울특별시 강남구 역삼동 283',14000,'돼지고기(국산): 페퍼로니피자, 스위트고구마피자, 골드고구마피자, 슈퍼콤비네이션피자, 뉴욕소세지피자, 치즈오븐스파게티, 쉬림프크림스파게티','11:00 - 23:00','35-342-6634','비스트로피자','네이버페이,차이,스마일페이',4000,'♥♥비스트로피자 찜 하트 눌러주세요♥♥','40분','비스트로피자1.png','비스트로피자2.png',1);
Insert into RESTAURANT (RST_ID,CATEGORY_ID,RST_NAME,PHONE,ADDRESS,MIN_ORDER,ORIGIN,HOURS,BUSSINESS_NUMBER,BUSSINESS_NAME,PAYMENTS,DELIVERY_TIP,RST_NOTICE,ESTIMATED_TIME,RST_PHOTO,RST_LOGO,ENABLE) values (10011,2,'굽네치킨앤피자','02-234-5648','서울특별시 강남구 역삼동 787',15000,'*치킨 전 메뉴(닭고기:국내산)

*바비큐 시카고 딥디쉬 피자(팝모짜렐라슈레드:독일산, 스모크포크다이스:미국산)

*페퍼로니 찹찹피자(모짜렐라치즈:외국산-미국/오스트리아/독일 등,페퍼로니:돼지고기(국내산,외국산-미국/아일랜드/스페인 등),쇠고기:호주산)
','11:00 - 23:00','35-342-6634','굽네치킨','네이버페이,차이,스마일페이,현장결제',4000,'고객님들께 맛있고 따뜻한 치킨을 빠르게 배달해드리기위해
도곡동,대치동,삼성동,논현동,개포동은 배달료 1,000원이 추가됩니다.','40분','굽네치킨앤피자1.png','굽네치킨앤피자2.png',1);
Insert into RESTAURANT (RST_ID,CATEGORY_ID,RST_NAME,PHONE,ADDRESS,MIN_ORDER,ORIGIN,HOURS,BUSSINESS_NUMBER,BUSSINESS_NAME,PAYMENTS,DELIVERY_TIP,RST_NOTICE,ESTIMATED_TIME,RST_PHOTO,RST_LOGO,ENABLE) values (10012,2,'멕시카나','02-124-3123','서울특별시 강남구 역삼동 87',17000,'한마리치킨 : 닭고기(국내산)
순살치킨 : 닭고기(국내산)
멕시윙 : 닭고기(국내산/태국산)
멕시핀 : 닭고기(국내산)
멕시듀오 : 윙> 닭고기(국내산/태국산), 핀> 닭고기(국내산)
새우링 : 새우(베트남산)
고추튀김 : 돼지고기(국내산)
치즈돈까스 : 돼지고기(미국산)','16:00 - 23:00','315-342-6634','멕시카나치킨','네이버페이,차이,스마일페이,현장결제',4000,'멕시카나 신메뉴 [마늘 알마니 치킨] 10월 20일 출시!','50분','멕시카나1.png','멕시카나2.png',1);
Insert into RESTAURANT (RST_ID,CATEGORY_ID,RST_NAME,PHONE,ADDRESS,MIN_ORDER,ORIGIN,HOURS,BUSSINESS_NUMBER,BUSSINESS_NAME,PAYMENTS,DELIVERY_TIP,RST_NOTICE,ESTIMATED_TIME,RST_PHOTO,RST_LOGO,ENABLE) values (10013,2,'파파존스','02-124-3123','서울특별시 강남구 역삼동 871-2',19000,'수퍼 파파스 : 이탈리안 소시지(돼지고기 [국산과 외국산(미국, 아일랜드,스페인 등)을 섞음]), 
페퍼로니(돼지고기 [국산], 쇠고기 [호주산]), 햄(돼지고기 [국산])
아이리쉬 포테이토 : 베이컨(돼지고기 [국산과 외국산(네덜란드, 스페인, 미국 등)을 섞음])
치킨 바베큐 : 그릴드 치킨(닭고기 [국산]), 베이컨(돼지고기 [국산과 외국산(네덜란드, 스페인, 미국 등)을 섞음])','16:00 - 23:00','220-34-663','파파존스역삼점','네이버페이,차이,스마일페이,현장결제',4000,'파파존스역삼점입니다.','40분','파파존스1.png','파파존스2.png',1);
Insert into RESTAURANT (RST_ID,CATEGORY_ID,RST_NAME,PHONE,ADDRESS,MIN_ORDER,ORIGIN,HOURS,BUSSINESS_NUMBER,BUSSINESS_NAME,PAYMENTS,DELIVERY_TIP,RST_NOTICE,ESTIMATED_TIME,RST_PHOTO,RST_LOGO,ENABLE) values (10014,2,'뉴욕버거앤치킨','02-324-3523','서울특별시 강남구 역삼동 123',12000,'닭고기]

국내산) 치킨(킹사이즈,하프사이즈), 텐더, 조각치킨, 핫도그류(소시지(돼지고기/닭고기)) 등

브라질산) 치킨(치킹버거(갈릭/칠리),순살치킨) / 브라질산+국내산) 패티류(해쉬브라운앤치킨버거)','12:00 - 23:00','520-454-663','뉴욕버거','네이버페이,차이,스마일페이,현장결제',3000,'뉴욕버거 배달제품 가격은 매장의제품 가격과 동일합니다','50분','뉴욕버거앤치킨1.png','뉴욕버거앤치킨2.png',1);
Insert into RESTAURANT (RST_ID,CATEGORY_ID,RST_NAME,PHONE,ADDRESS,MIN_ORDER,ORIGIN,HOURS,BUSSINESS_NUMBER,BUSSINESS_NAME,PAYMENTS,DELIVERY_TIP,RST_NOTICE,ESTIMATED_TIME,RST_PHOTO,RST_LOGO,ENABLE) values (10015,2,'맘스터치','02-124-2523','서울특별시 강남구 역삼동 21-3',13000,'1.닭고기:국내산 (후라이드치킨, 맘스양념치킨, 간장마늘치킨, 블랙쏘이치킨, 반반치킨, 후라이드텐더, 치즈뿌치텐더, 후라이드통다리, 할라피뇨너겟, 휠랩, 언빌리버블버거, 팝콘볼, 딥치즈버거, 휠렛버거, 햄치즈휠렛버거, 화이트갈릭버거, 치즈홀릭버거(체다,에멘탈), 공룡치킨)
2.닭고기:브라질산 (후라이드싸이순살, 맘스양념싸이순살, 치파오싸이순살, 간장마늘싸이순살, 치즈뿌치싸이순살, 블랙쏘이싸이순살, 케이준떡강정, 치파오떡강정, 간장마늘떡강정)','11:00 - 23:00','220-454-663','맘스터치','네이버페이,차이,스마일페이,현장결제',4000,'맘스터치 강남점입니다.','30분','맘스터치1.png','맘스터치2.png',1);
REM INSERTING into RESTAURANT_CATEGORY
SET DEFINE OFF;
Insert into RESTAURANT_CATEGORY (CATEGORY_ID,CATEGORY_NAME,CATEGORY_ICON) values (1,'1인분 주문',' ');
Insert into RESTAURANT_CATEGORY (CATEGORY_ID,CATEGORY_NAME,CATEGORY_ICON) values (2,'프랜차이즈',' ');
Insert into RESTAURANT_CATEGORY (CATEGORY_ID,CATEGORY_NAME,CATEGORY_ICON) values (9,'야식',' ');
Insert into RESTAURANT_CATEGORY (CATEGORY_ID,CATEGORY_NAME,CATEGORY_ICON) values (3,'치킨',' ');
Insert into RESTAURANT_CATEGORY (CATEGORY_ID,CATEGORY_NAME,CATEGORY_ICON) values (4,'피자/양식',' ');
Insert into RESTAURANT_CATEGORY (CATEGORY_ID,CATEGORY_NAME,CATEGORY_ICON) values (5,'중국집',' ');
Insert into RESTAURANT_CATEGORY (CATEGORY_ID,CATEGORY_NAME,CATEGORY_ICON) values (6,'한식',' ');
Insert into RESTAURANT_CATEGORY (CATEGORY_ID,CATEGORY_NAME,CATEGORY_ICON) values (7,'일식/돈까스',' ');
Insert into RESTAURANT_CATEGORY (CATEGORY_ID,CATEGORY_NAME,CATEGORY_ICON) values (8,'족발/보쌈',' ');
Insert into RESTAURANT_CATEGORY (CATEGORY_ID,CATEGORY_NAME,CATEGORY_ICON) values (10,'분식',' ');
Insert into RESTAURANT_CATEGORY (CATEGORY_ID,CATEGORY_NAME,CATEGORY_ICON) values (11,'카페/디저트',' ');
Insert into RESTAURANT_CATEGORY (CATEGORY_ID,CATEGORY_NAME,CATEGORY_ICON) values (12,'편의점/마트',' ');
REM INSERTING into RESTAURANT_MANAGER
SET DEFINE OFF;
Insert into RESTAURANT_MANAGER (RST_ID,PASSWORD,PHONE) values (10000,'0136FEB4FE1E87AF427F5349F52E1873','010-2222-2222');
Insert into RESTAURANT_MANAGER (RST_ID,PASSWORD,PHONE) values (10001,'0136FEB4FE1E87AF427F5349F52E1873','010-2222-2222');
Insert into RESTAURANT_MANAGER (RST_ID,PASSWORD,PHONE) values (10020,'0136FEB4FE1E87AF427F5349F52E1873','010-4444-4444');
REM INSERTING into REVIEW
SET DEFINE OFF;
Insert into REVIEW (REVIEW_NUMBER,ORDER_NUMBER,REGIST_DATE,CONTENT,PHOTO1,PHOTO2,PHOTO3,PHOTO4,PHOTO5,RATING) values (2,'2022-0314-171117183',to_date('22/02/28','RR/MM/DD'),'수정된 테스트리뷰2',null,null,null,null,null,5);
Insert into REVIEW (REVIEW_NUMBER,ORDER_NUMBER,REGIST_DATE,CONTENT,PHOTO1,PHOTO2,PHOTO3,PHOTO4,PHOTO5,RATING) values (3,'2022-0314-171303465',to_date('22/03/02','RR/MM/DD'),'수정된 테스트리뷰3','사진1','사진2',null,null,null,4);
Insert into REVIEW (REVIEW_NUMBER,ORDER_NUMBER,REGIST_DATE,CONTENT,PHOTO1,PHOTO2,PHOTO3,PHOTO4,PHOTO5,RATING) values (4,'2022-0314-171857777',to_date('22/03/14','RR/MM/DD'),'수정된 테스트리뷰4','사진1','사진2','사진3',null,null,4);
Insert into REVIEW (REVIEW_NUMBER,ORDER_NUMBER,REGIST_DATE,CONTENT,PHOTO1,PHOTO2,PHOTO3,PHOTO4,PHOTO5,RATING) values (5,'2022-0314-171228685',to_date('22/03/16','RR/MM/DD'),'수정된 테스트리뷰5','사진1','사진2','사진3','사진4',null,3);
REM INSERTING into REVIEW_LIKE
SET DEFINE OFF;
Insert into REVIEW_LIKE (REVIEW_NUMBER,EMAIL) values (2,'abc1@abcd.com');
Insert into REVIEW_LIKE (REVIEW_NUMBER,EMAIL) values (2,'abc2@abcd.com');
Insert into REVIEW_LIKE (REVIEW_NUMBER,EMAIL) values (2,'abc@abcd.com');
Insert into REVIEW_LIKE (REVIEW_NUMBER,EMAIL) values (3,'abc1@abcd.com');
Insert into REVIEW_LIKE (REVIEW_NUMBER,EMAIL) values (3,'abc@abcd.com');
Insert into REVIEW_LIKE (REVIEW_NUMBER,EMAIL) values (4,'abc@abcd.com');
Insert into REVIEW_LIKE (REVIEW_NUMBER,EMAIL) values (5,'abc@abcd.com');
REM INSERTING into SELECTED_OPTION
SET DEFINE OFF;
REM INSERTING into VALID_COUPON
SET DEFINE OFF;
Insert into VALID_COUPON (COUPON_ID,COUPON_NAME,COUPON_INFO,AVAILABLE_PRICE,DISCOUNT_AMOUNT,EXPIRATION_DATE) values ('testcoupon1','테스트쿠폰1','테스트쿠폰입니다',10000,3000,to_date('22/04/30','RR/MM/DD'));
Insert into VALID_COUPON (COUPON_ID,COUPON_NAME,COUPON_INFO,AVAILABLE_PRICE,DISCOUNT_AMOUNT,EXPIRATION_DATE) values ('testcoupon2','테스트쿠폰2','테스트쿠폰입니다1',8000,2000,to_date('22/04/30','RR/MM/DD'));
Insert into VALID_COUPON (COUPON_ID,COUPON_NAME,COUPON_INFO,AVAILABLE_PRICE,DISCOUNT_AMOUNT,EXPIRATION_DATE) values ('testcoupon3','테스트쿠폰3','테스트쿠폰입니다2',12000,3000,to_date('22/05/04','RR/MM/DD'));
Insert into VALID_COUPON (COUPON_ID,COUPON_NAME,COUPON_INFO,AVAILABLE_PRICE,DISCOUNT_AMOUNT,EXPIRATION_DATE) values ('testcoupon4','테스트쿠폰4','테스트쿠폰입니다3',15000,5000,to_date('22/04/30','RR/MM/DD'));
REM INSERTING into WITHDRAW_MEMBER
SET DEFINE OFF;
Insert into WITHDRAW_MEMBER (INDEX_NUMBER,EMAIL,WITHDRAW_DATE,REASON_WITHDRAW) values (81,'test5@test.com',to_date('22/08/07','RR/MM/DD'),'개인정보 유출 우려');
Insert into WITHDRAW_MEMBER (INDEX_NUMBER,EMAIL,WITHDRAW_DATE,REASON_WITHDRAW) values (41,'abcd@test.com',to_date('22/04/19','RR/MM/DD'),'사용빈도 낮음');
Insert into WITHDRAW_MEMBER (INDEX_NUMBER,EMAIL,WITHDRAW_DATE,REASON_WITHDRAW) values (2,'test@gmail.com',to_date('22/04/14','RR/MM/DD'),'사용빈도 낮음');
Insert into WITHDRAW_MEMBER (INDEX_NUMBER,EMAIL,WITHDRAW_DATE,REASON_WITHDRAW) values (21,'test@eatsorder.com',to_date('22/04/15','RR/MM/DD'),'개인정보 유출 우려');
Insert into WITHDRAW_MEMBER (INDEX_NUMBER,EMAIL,WITHDRAW_DATE,REASON_WITHDRAW) values (61,'abcde@test.com',to_date('22/04/20','RR/MM/DD'),'개인정보 유출 우려');
--------------------------------------------------------
--  DDL for Index REVIEW_PRIMARY_KEY
--------------------------------------------------------

  CREATE UNIQUE INDEX "REVIEW_PRIMARY_KEY" ON "REVIEW" ("REVIEW_NUMBER") 
  PCTFREE 10 INITRANS 2 MAXTRANS 255 COMPUTE STATISTICS 
  STORAGE(INITIAL 65536 NEXT 1048576 MINEXTENTS 1 MAXEXTENTS 2147483645
  PCTINCREASE 0 FREELISTS 1 FREELIST GROUPS 1 BUFFER_POOL DEFAULT FLASH_CACHE DEFAULT CELL_FLASH_CACHE DEFAULT)
  TABLESPACE "USERS" ;
--------------------------------------------------------
--  DDL for Index CART_UK1
--------------------------------------------------------

  CREATE UNIQUE INDEX "CART_UK1" ON "CART" ("BUNDLE_ID") 
  PCTFREE 10 INITRANS 2 MAXTRANS 255 COMPUTE STATISTICS 
  STORAGE(INITIAL 65536 NEXT 1048576 MINEXTENTS 1 MAXEXTENTS 2147483645
  PCTINCREASE 0 FREELISTS 1 FREELIST GROUPS 1 BUFFER_POOL DEFAULT FLASH_CACHE DEFAULT CELL_FLASH_CACHE DEFAULT)
  TABLESPACE "USERS" ;
--------------------------------------------------------
--  DDL for Index MEMBER_PHONE
--------------------------------------------------------

  CREATE UNIQUE INDEX "MEMBER_PHONE" ON "MEMBER_INFO" ("PHONE") 
  PCTFREE 10 INITRANS 2 MAXTRANS 255 COMPUTE STATISTICS 
  STORAGE(INITIAL 65536 NEXT 1048576 MINEXTENTS 1 MAXEXTENTS 2147483645
  PCTINCREASE 0 FREELISTS 1 FREELIST GROUPS 1 BUFFER_POOL DEFAULT FLASH_CACHE DEFAULT CELL_FLASH_CACHE DEFAULT)
  TABLESPACE "USERS" ;
--------------------------------------------------------
--  DDL for Index PK_FAVORITE_RESTAURANT
--------------------------------------------------------

  CREATE UNIQUE INDEX "PK_FAVORITE_RESTAURANT" ON "FAVORITE_RESTAURANT" ("EMAIL", "RST_ID") 
  PCTFREE 10 INITRANS 2 MAXTRANS 255 COMPUTE STATISTICS 
  STORAGE(INITIAL 65536 NEXT 1048576 MINEXTENTS 1 MAXEXTENTS 2147483645
  PCTINCREASE 0 FREELISTS 1 FREELIST GROUPS 1 BUFFER_POOL DEFAULT FLASH_CACHE DEFAULT CELL_FLASH_CACHE DEFAULT)
  TABLESPACE "USERS" ;
--------------------------------------------------------
--  DDL for Index PK_OWNED_COUPON
--------------------------------------------------------

  CREATE UNIQUE INDEX "PK_OWNED_COUPON" ON "OWNED_COUPON" ("COUPON_ID", "OWNER_ID") 
  PCTFREE 10 INITRANS 2 MAXTRANS 255 COMPUTE STATISTICS 
  STORAGE(INITIAL 65536 NEXT 1048576 MINEXTENTS 1 MAXEXTENTS 2147483645
  PCTINCREASE 0 FREELISTS 1 FREELIST GROUPS 1 BUFFER_POOL DEFAULT FLASH_CACHE DEFAULT CELL_FLASH_CACHE DEFAULT)
  TABLESPACE "USERS" ;
--------------------------------------------------------
--  DDL for Index PK_OPTION_INFO
--------------------------------------------------------

  CREATE UNIQUE INDEX "PK_OPTION_INFO" ON "OPTION_INFO" ("OPTION_ID") 
  PCTFREE 10 INITRANS 2 MAXTRANS 255 COMPUTE STATISTICS 
  STORAGE(INITIAL 65536 NEXT 1048576 MINEXTENTS 1 MAXEXTENTS 2147483645
  PCTINCREASE 0 FREELISTS 1 FREELIST GROUPS 1 BUFFER_POOL DEFAULT FLASH_CACHE DEFAULT CELL_FLASH_CACHE DEFAULT)
  TABLESPACE "USERS" ;
--------------------------------------------------------
--  DDL for Index OPTION_GROUP_UK1
--------------------------------------------------------

  CREATE UNIQUE INDEX "OPTION_GROUP_UK1" ON "OPTION_GROUP" ("RST_ID", "GROUP_NAME") 
  PCTFREE 10 INITRANS 2 MAXTRANS 255 COMPUTE STATISTICS 
  STORAGE(INITIAL 65536 NEXT 1048576 MINEXTENTS 1 MAXEXTENTS 2147483645
  PCTINCREASE 0 FREELISTS 1 FREELIST GROUPS 1 BUFFER_POOL DEFAULT FLASH_CACHE DEFAULT CELL_FLASH_CACHE DEFAULT)
  TABLESPACE "USERS" ;
--------------------------------------------------------
--  DDL for Index MEMBER_ID
--------------------------------------------------------

  CREATE UNIQUE INDEX "MEMBER_ID" ON "MEMBER_INFO" ("EMAIL") 
  PCTFREE 10 INITRANS 2 MAXTRANS 255 COMPUTE STATISTICS 
  STORAGE(INITIAL 65536 NEXT 1048576 MINEXTENTS 1 MAXEXTENTS 2147483645
  PCTINCREASE 0 FREELISTS 1 FREELIST GROUPS 1 BUFFER_POOL DEFAULT FLASH_CACHE DEFAULT CELL_FLASH_CACHE DEFAULT)
  TABLESPACE "USERS" ;
--------------------------------------------------------
--  DDL for Index NONMEMBER_ID
--------------------------------------------------------

  CREATE UNIQUE INDEX "NONMEMBER_ID" ON "NONMEMBER" ("PHONE") 
  PCTFREE 10 INITRANS 2 MAXTRANS 255 COMPUTE STATISTICS 
  STORAGE(INITIAL 65536 NEXT 1048576 MINEXTENTS 1 MAXEXTENTS 2147483645
  PCTINCREASE 0 FREELISTS 1 FREELIST GROUPS 1 BUFFER_POOL DEFAULT FLASH_CACHE DEFAULT CELL_FLASH_CACHE DEFAULT)
  TABLESPACE "USERS" ;
--------------------------------------------------------
--  DDL for Index ORDERED_OPTION_PK
--------------------------------------------------------

  CREATE UNIQUE INDEX "ORDERED_OPTION_PK" ON "ORDERED_OPTION" ("BUNDLE_ID", "OPTION_ID") 
  PCTFREE 10 INITRANS 2 MAXTRANS 255 COMPUTE STATISTICS 
  STORAGE(INITIAL 65536 NEXT 1048576 MINEXTENTS 1 MAXEXTENTS 2147483645
  PCTINCREASE 0 FREELISTS 1 FREELIST GROUPS 1 BUFFER_POOL DEFAULT FLASH_CACHE DEFAULT CELL_FLASH_CACHE DEFAULT)
  TABLESPACE "USERS" ;
--------------------------------------------------------
--  DDL for Index MENU_CATEGORY_UK1
--------------------------------------------------------

  CREATE UNIQUE INDEX "MENU_CATEGORY_UK1" ON "MENU_CATEGORY" ("CATEGORY_NAME", "RST_ID") 
  PCTFREE 10 INITRANS 2 MAXTRANS 255 COMPUTE STATISTICS 
  STORAGE(INITIAL 65536 NEXT 1048576 MINEXTENTS 1 MAXEXTENTS 2147483645
  PCTINCREASE 0 FREELISTS 1 FREELIST GROUPS 1 BUFFER_POOL DEFAULT FLASH_CACHE DEFAULT CELL_FLASH_CACHE DEFAULT)
  TABLESPACE "USERS" ;
--------------------------------------------------------
--  DDL for Index PK_ORDER_DETAIL
--------------------------------------------------------

  CREATE UNIQUE INDEX "PK_ORDER_DETAIL" ON "ORDER_DETAIL" ("ORDER_NUMBER", "MENU_ID") 
  PCTFREE 10 INITRANS 2 MAXTRANS 255 COMPUTE STATISTICS 
  STORAGE(INITIAL 65536 NEXT 1048576 MINEXTENTS 1 MAXEXTENTS 2147483645
  PCTINCREASE 0 FREELISTS 1 FREELIST GROUPS 1 BUFFER_POOL DEFAULT FLASH_CACHE DEFAULT CELL_FLASH_CACHE DEFAULT)
  TABLESPACE "USERS" ;
--------------------------------------------------------
--  DDL for Index PK_MENU_CATEGORY
--------------------------------------------------------

  CREATE UNIQUE INDEX "PK_MENU_CATEGORY" ON "MENU_CATEGORY" ("CATEGORY_ID") 
  PCTFREE 10 INITRANS 2 MAXTRANS 255 COMPUTE STATISTICS 
  STORAGE(INITIAL 65536 NEXT 1048576 MINEXTENTS 1 MAXEXTENTS 2147483645
  PCTINCREASE 0 FREELISTS 1 FREELIST GROUPS 1 BUFFER_POOL DEFAULT FLASH_CACHE DEFAULT CELL_FLASH_CACHE DEFAULT)
  TABLESPACE "USERS" ;
--------------------------------------------------------
--  DDL for Index RESTAURANT_ID
--------------------------------------------------------

  CREATE UNIQUE INDEX "RESTAURANT_ID" ON "RESTAURANT" ("RST_ID") 
  PCTFREE 10 INITRANS 2 MAXTRANS 255 COMPUTE STATISTICS 
  STORAGE(INITIAL 65536 NEXT 1048576 MINEXTENTS 1 MAXEXTENTS 2147483645
  PCTINCREASE 0 FREELISTS 1 FREELIST GROUPS 1 BUFFER_POOL DEFAULT FLASH_CACHE DEFAULT CELL_FLASH_CACHE DEFAULT)
  TABLESPACE "USERS" ;
--------------------------------------------------------
--  DDL for Index PK_OPTION_GROUP
--------------------------------------------------------

  CREATE UNIQUE INDEX "PK_OPTION_GROUP" ON "OPTION_GROUP" ("GROUP_ID") 
  PCTFREE 10 INITRANS 2 MAXTRANS 255 COMPUTE STATISTICS 
  STORAGE(INITIAL 65536 NEXT 1048576 MINEXTENTS 1 MAXEXTENTS 2147483645
  PCTINCREASE 0 FREELISTS 1 FREELIST GROUPS 1 BUFFER_POOL DEFAULT FLASH_CACHE DEFAULT CELL_FLASH_CACHE DEFAULT)
  TABLESPACE "USERS" ;
--------------------------------------------------------
--  DDL for Index UIX_REVIEW
--------------------------------------------------------

  CREATE UNIQUE INDEX "UIX_REVIEW" ON "REVIEW" ("ORDER_NUMBER") 
  PCTFREE 10 INITRANS 2 MAXTRANS 255 COMPUTE STATISTICS 
  STORAGE(INITIAL 65536 NEXT 1048576 MINEXTENTS 1 MAXEXTENTS 2147483645
  PCTINCREASE 0 FREELISTS 1 FREELIST GROUPS 1 BUFFER_POOL DEFAULT FLASH_CACHE DEFAULT CELL_FLASH_CACHE DEFAULT)
  TABLESPACE "USERS" ;
--------------------------------------------------------
--  DDL for Index SELECTED_OPTION_PK
--------------------------------------------------------

  CREATE UNIQUE INDEX "SELECTED_OPTION_PK" ON "SELECTED_OPTION" ("BUNDLE_ID", "OPTION_ID") 
  PCTFREE 10 INITRANS 2 MAXTRANS 255 COMPUTE STATISTICS 
  STORAGE(INITIAL 65536 NEXT 1048576 MINEXTENTS 1 MAXEXTENTS 2147483645
  PCTINCREASE 0 FREELISTS 1 FREELIST GROUPS 1 BUFFER_POOL DEFAULT FLASH_CACHE DEFAULT CELL_FLASH_CACHE DEFAULT)
  TABLESPACE "USERS" ;
--------------------------------------------------------
--  DDL for Index PK_MENU_OPTION
--------------------------------------------------------

  CREATE UNIQUE INDEX "PK_MENU_OPTION" ON "MENU_OPTION" ("MENU_ID", "GROUP_ID") 
  PCTFREE 10 INITRANS 2 MAXTRANS 255 COMPUTE STATISTICS 
  STORAGE(INITIAL 65536 NEXT 1048576 MINEXTENTS 1 MAXEXTENTS 2147483645
  PCTINCREASE 0 FREELISTS 1 FREELIST GROUPS 1 BUFFER_POOL DEFAULT FLASH_CACHE DEFAULT CELL_FLASH_CACHE DEFAULT)
  TABLESPACE "USERS" ;
--------------------------------------------------------
--  DDL for Index PK_REVIEW_LIKE
--------------------------------------------------------

  CREATE UNIQUE INDEX "PK_REVIEW_LIKE" ON "REVIEW_LIKE" ("REVIEW_NUMBER", "EMAIL") 
  PCTFREE 10 INITRANS 2 MAXTRANS 255 COMPUTE STATISTICS 
  STORAGE(INITIAL 65536 NEXT 1048576 MINEXTENTS 1 MAXEXTENTS 2147483645
  PCTINCREASE 0 FREELISTS 1 FREELIST GROUPS 1 BUFFER_POOL DEFAULT FLASH_CACHE DEFAULT CELL_FLASH_CACHE DEFAULT)
  TABLESPACE "USERS" ;
--------------------------------------------------------
--  DDL for Index ORDER_DETAIL_UK1
--------------------------------------------------------

  CREATE UNIQUE INDEX "ORDER_DETAIL_UK1" ON "ORDER_DETAIL" ("BUNDLE_ID") 
  PCTFREE 10 INITRANS 2 MAXTRANS 255 COMPUTE STATISTICS 
  STORAGE(INITIAL 65536 NEXT 1048576 MINEXTENTS 1 MAXEXTENTS 2147483645
  PCTINCREASE 0 FREELISTS 1 FREELIST GROUPS 1 BUFFER_POOL DEFAULT FLASH_CACHE DEFAULT CELL_FLASH_CACHE DEFAULT)
  TABLESPACE "USERS" ;
--------------------------------------------------------
--  DDL for Index LOGIN_EMAIL
--------------------------------------------------------

  CREATE UNIQUE INDEX "LOGIN_EMAIL" ON "MEMBER_LOGIN" ("EMAIL") 
  PCTFREE 10 INITRANS 2 MAXTRANS 255 COMPUTE STATISTICS 
  STORAGE(INITIAL 65536 NEXT 1048576 MINEXTENTS 1 MAXEXTENTS 2147483645
  PCTINCREASE 0 FREELISTS 1 FREELIST GROUPS 1 BUFFER_POOL DEFAULT FLASH_CACHE DEFAULT CELL_FLASH_CACHE DEFAULT)
  TABLESPACE "USERS" ;
--------------------------------------------------------
--  DDL for Index PK_DELIVERY_ZONE
--------------------------------------------------------

  CREATE UNIQUE INDEX "PK_DELIVERY_ZONE" ON "DELIVERY_ZONE" ("ZONE_INDEX") 
  PCTFREE 10 INITRANS 2 MAXTRANS 255 COMPUTE STATISTICS 
  STORAGE(INITIAL 65536 NEXT 1048576 MINEXTENTS 1 MAXEXTENTS 2147483645
  PCTINCREASE 0 FREELISTS 1 FREELIST GROUPS 1 BUFFER_POOL DEFAULT FLASH_CACHE DEFAULT CELL_FLASH_CACHE DEFAULT)
  TABLESPACE "USERS" ;
--------------------------------------------------------
--  DDL for Index MENU_ID
--------------------------------------------------------

  CREATE UNIQUE INDEX "MENU_ID" ON "MENU" ("MENU_ID") 
  PCTFREE 10 INITRANS 2 MAXTRANS 255 COMPUTE STATISTICS 
  STORAGE(INITIAL 65536 NEXT 1048576 MINEXTENTS 1 MAXEXTENTS 2147483645
  PCTINCREASE 0 FREELISTS 1 FREELIST GROUPS 1 BUFFER_POOL DEFAULT FLASH_CACHE DEFAULT CELL_FLASH_CACHE DEFAULT)
  TABLESPACE "USERS" ;
--------------------------------------------------------
--  DDL for Index UIX_MEMBER_INFO
--------------------------------------------------------

  CREATE UNIQUE INDEX "UIX_MEMBER_INFO" ON "MEMBER_INFO" ("NICKNAME") 
  PCTFREE 10 INITRANS 2 MAXTRANS 255 COMPUTE STATISTICS 
  STORAGE(INITIAL 65536 NEXT 1048576 MINEXTENTS 1 MAXEXTENTS 2147483645
  PCTINCREASE 0 FREELISTS 1 FREELIST GROUPS 1 BUFFER_POOL DEFAULT FLASH_CACHE DEFAULT CELL_FLASH_CACHE DEFAULT)
  TABLESPACE "USERS" ;
--------------------------------------------------------
--  DDL for Index MANAGER_ID
--------------------------------------------------------

  CREATE UNIQUE INDEX "MANAGER_ID" ON "RESTAURANT_MANAGER" ("RST_ID") 
  PCTFREE 10 INITRANS 2 MAXTRANS 255 COMPUTE STATISTICS 
  STORAGE(INITIAL 65536 NEXT 1048576 MINEXTENTS 1 MAXEXTENTS 2147483645
  PCTINCREASE 0 FREELISTS 1 FREELIST GROUPS 1 BUFFER_POOL DEFAULT FLASH_CACHE DEFAULT CELL_FLASH_CACHE DEFAULT)
  TABLESPACE "USERS" ;
--------------------------------------------------------
--  DDL for Index ADMIN_ID
--------------------------------------------------------

  CREATE UNIQUE INDEX "ADMIN_ID" ON "ADMINISTRATOR" ("ADMIN_ID") 
  PCTFREE 10 INITRANS 2 MAXTRANS 255 COMPUTE STATISTICS 
  STORAGE(INITIAL 65536 NEXT 1048576 MINEXTENTS 1 MAXEXTENTS 2147483645
  PCTINCREASE 0 FREELISTS 1 FREELIST GROUPS 1 BUFFER_POOL DEFAULT FLASH_CACHE DEFAULT CELL_FLASH_CACHE DEFAULT)
  TABLESPACE "USERS" ;
--------------------------------------------------------
--  DDL for Index VALID_COUPON_ID
--------------------------------------------------------

  CREATE UNIQUE INDEX "VALID_COUPON_ID" ON "VALID_COUPON" ("COUPON_ID") 
  PCTFREE 10 INITRANS 2 MAXTRANS 255 COMPUTE STATISTICS 
  STORAGE(INITIAL 65536 NEXT 1048576 MINEXTENTS 1 MAXEXTENTS 2147483645
  PCTINCREASE 0 FREELISTS 1 FREELIST GROUPS 1 BUFFER_POOL DEFAULT FLASH_CACHE DEFAULT CELL_FLASH_CACHE DEFAULT)
  TABLESPACE "USERS" ;
--------------------------------------------------------
--  DDL for Index PK_RESTAURANT_CATEGORY
--------------------------------------------------------

  CREATE UNIQUE INDEX "PK_RESTAURANT_CATEGORY" ON "RESTAURANT_CATEGORY" ("CATEGORY_ID") 
  PCTFREE 10 INITRANS 2 MAXTRANS 255 COMPUTE STATISTICS 
  STORAGE(INITIAL 65536 NEXT 1048576 MINEXTENTS 1 MAXEXTENTS 2147483645
  PCTINCREASE 0 FREELISTS 1 FREELIST GROUPS 1 BUFFER_POOL DEFAULT FLASH_CACHE DEFAULT CELL_FLASH_CACHE DEFAULT)
  TABLESPACE "USERS" ;
--------------------------------------------------------
--  DDL for Index CART_PK
--------------------------------------------------------

  CREATE UNIQUE INDEX "CART_PK" ON "CART" ("ORDERER", "MENU_ID") 
  PCTFREE 10 INITRANS 2 MAXTRANS 255 COMPUTE STATISTICS 
  STORAGE(INITIAL 65536 NEXT 1048576 MINEXTENTS 1 MAXEXTENTS 2147483645
  PCTINCREASE 0 FREELISTS 1 FREELIST GROUPS 1 BUFFER_POOL DEFAULT FLASH_CACHE DEFAULT CELL_FLASH_CACHE DEFAULT)
  TABLESPACE "USERS" ;
--------------------------------------------------------
--  DDL for Index PAYMENT_ORDER_NUMBER
--------------------------------------------------------

  CREATE UNIQUE INDEX "PAYMENT_ORDER_NUMBER" ON "ORDER_HISTORY" ("ORDER_NUMBER") 
  PCTFREE 10 INITRANS 2 MAXTRANS 255 COMPUTE STATISTICS 
  STORAGE(INITIAL 65536 NEXT 1048576 MINEXTENTS 1 MAXEXTENTS 2147483645
  PCTINCREASE 0 FREELISTS 1 FREELIST GROUPS 1 BUFFER_POOL DEFAULT FLASH_CACHE DEFAULT CELL_FLASH_CACHE DEFAULT)
  TABLESPACE "USERS" ;
--------------------------------------------------------
--  DDL for Index PK_REPLY
--------------------------------------------------------

  CREATE UNIQUE INDEX "PK_REPLY" ON "REPLY" ("REPLY_NUMBER") 
  PCTFREE 10 INITRANS 2 MAXTRANS 255 COMPUTE STATISTICS 
  STORAGE(INITIAL 65536 NEXT 1048576 MINEXTENTS 1 MAXEXTENTS 2147483645
  PCTINCREASE 0 FREELISTS 1 FREELIST GROUPS 1 BUFFER_POOL DEFAULT FLASH_CACHE DEFAULT CELL_FLASH_CACHE DEFAULT)
  TABLESPACE "USERS" ;
--------------------------------------------------------
--  DDL for Index PK_WITHDRAW_MEMBER
--------------------------------------------------------

  CREATE UNIQUE INDEX "PK_WITHDRAW_MEMBER" ON "WITHDRAW_MEMBER" ("INDEX_NUMBER") 
  PCTFREE 10 INITRANS 2 MAXTRANS 255 COMPUTE STATISTICS 
  STORAGE(INITIAL 65536 NEXT 1048576 MINEXTENTS 1 MAXEXTENTS 2147483645
  PCTINCREASE 0 FREELISTS 1 FREELIST GROUPS 1 BUFFER_POOL DEFAULT FLASH_CACHE DEFAULT CELL_FLASH_CACHE DEFAULT)
  TABLESPACE "USERS" ;
--------------------------------------------------------
--  DDL for Procedure DELETE_MEMBER_INFO
--------------------------------------------------------
set define off;

  CREATE OR REPLACE PROCEDURE "DELETE_MEMBER_INFO" AS 
BEGIN
  DELETE
  FROM MEMBER_INFO
  WHERE TRUNC(SYSDATE) - WITHDRAW_DATE > 30;
END DELETE_MEMBER_INFO;

/
--------------------------------------------------------
--  DDL for Package PKG_CRYPTO
--------------------------------------------------------

  CREATE OR REPLACE PACKAGE "PKG_CRYPTO" 
IS
    FUNCTION ENCRYPT (
        input_string        IN  VARCHAR2 ,
        key_data IN VARCHAR2 := '43668278110094530951087941128188'
    ) RETURN RAW;


    FUNCTION DECRYPT (
        input_string        IN  VARCHAR2 ,
        key_data IN VARCHAR2 := '43668278110094530951087941128188'
    ) RETURN VARCHAR2;


END pkg_crypto;


/
--------------------------------------------------------
--  DDL for Package Body PKG_CRYPTO
--------------------------------------------------------

  CREATE OR REPLACE PACKAGE BODY "PKG_CRYPTO" 
IS
    -- 에러 발생시에 error code 와 message 를 받기 위한 변수 지정.
    SQLERRMSG   VARCHAR2(255);
    SQLERRCDE   NUMBER;


    -- 암호화 함수 선언 key_data 는 입력하지 않을 시에 default 로 12345678 로 지정됨.
    FUNCTION ENCRYPT (input_string IN VARCHAR2 , key_data IN VARCHAR2 := '43668278110094530951087941128188')
     RETURN RAW
    IS
        key_data_raw        RAW(4000);
        converted_raw       RAW(4000);
        encrypted_raw       RAW(4000);


    BEGIN
        -- 들어온 data 와 암호키를 각각 RAW 로 변환한다.
        converted_raw := UTL_I18N.STRING_TO_RAW(input_string, 'AL32UTF8');
        key_data_raw     := UTL_I18N.STRING_TO_RAW(key_data, 'AL32UTF8');


        -- DBMS_CRYPTO.ENCRYPT 로 암호화 하여 encrypted_raw 에 저장.
        encrypted_raw :=
             DBMS_CRYPTO.ENCRYPT(
                 src => converted_raw ,
                -- typ 부분만 변경하면 원하는 알고리즘을 사용할 수 있다.
                --단, key value byte 가 다 다르니 확인해야 한다.
                 typ => DBMS_CRYPTO.ENCRYPT_AES256 + DBMS_CRYPTO.CHAIN_CBC + DBMS_CRYPTO.PAD_PKCS5 ,
                 key => key_data_raw ,
                 iv =>  NULL);
        RETURN encrypted_raw;


    EXCEPTION
          WHEN OTHERS THEN 
          RETURN input_string;
    END encrypt;


    FUNCTION DECRYPT (input_string IN VARCHAR2 , key_data IN VARCHAR2 := '43668278110094530951087941128188')
     RETURN VARCHAR2
    IS
        converted_string    VARCHAR2(4000);
        key_data_raw        RAW(4000);
        decrypted_raw    VARCHAR2(4000);


    BEGIN
        key_data_raw     := UTL_I18N.STRING_TO_RAW(key_data, 'AL32UTF8');        
        decrypted_raw :=
            DBMS_CRYPTO.DECRYPT(
                 src => input_string ,
                 typ => DBMS_CRYPTO.ENCRYPT_AES256 + DBMS_CRYPTO.CHAIN_CBC + DBMS_CRYPTO.PAD_PKCS5 ,
                 key => key_data_raw ,
                 iv =>  NULL);


        -- DBMS_CRYPTO.DECRYPT 수행 결과 나온 복호화된 raw data 를 varchar2 로 변환하면 끝!
        converted_string := UTL_I18N.RAW_TO_CHAR(decrypted_raw, 'AL32UTF8');
        RETURN converted_string;


    EXCEPTION
        WHEN OTHERS THEN
            RETURN input_string;
    END decrypt;
END pkg_crypto;


/
--------------------------------------------------------
--  DDL for Function DECRYPT
--------------------------------------------------------

  CREATE OR REPLACE FUNCTION "DECRYPT" (input_string IN VARCHAR2 , key_data IN VARCHAR2 := '78415578')
     RETURN VARCHAR2
    IS
        converted_string    VARCHAR2(4000);
        key_data_raw        RAW(4000);
        decrypted_raw    VARCHAR2(4000);


    BEGIN
        key_data_raw     := UTL_I18N.STRING_TO_RAW(key_data, 'AL32UTF8');        
        decrypted_raw :=
            DBMS_CRYPTO.DECRYPT(
                 src => input_string ,
                 typ => DBMS_CRYPTO.DES_CBC_PKCS5 ,
                 key => key_data_raw ,
                 iv =>  NULL);


        -- DBMS_CRYPTO.DECRYPT 수행 결과 나온 복호화된 raw data 를 varchar2 로 변환하면 끝!
        converted_string := UTL_I18N.RAW_TO_CHAR(decrypted_raw, 'AL32UTF8');
        RETURN converted_string;


    EXCEPTION
        WHEN OTHERS THEN
            RETURN input_string;
    END decrypt;


/
--------------------------------------------------------
--  DDL for Function ENCRYPT
--------------------------------------------------------

  CREATE OR REPLACE FUNCTION "ENCRYPT" (input_string IN VARCHAR2 , key_data IN VARCHAR2 := '78415578')
     RETURN RAW
    IS
        key_data_raw        RAW(4000);
        converted_raw       RAW(4000);
        encrypted_raw       RAW(4000);


    BEGIN
        -- 들어온 data 와 암호키를 각각 RAW 로 변환한다.
        converted_raw := UTL_I18N.STRING_TO_RAW(input_string, 'AL32UTF8');
        key_data_raw     := UTL_I18N.STRING_TO_RAW(key_data, 'AL32UTF8');


        -- DBMS_CRYPTO.ENCRYPT 로 암호화 하여 encrypted_raw 에 저장.
        encrypted_raw :=
             DBMS_CRYPTO.ENCRYPT(
                 src => converted_raw ,
                -- typ 부분만 변경하면 원하는 알고리즘을 사용할 수 있다.
                --단, key value bype 가 다 다르니 확인해야 한다.
                 typ => DBMS_CRYPTO.DES_CBC_PKCS5 ,
                 key => key_data_raw ,
                 iv =>  NULL);
        RETURN encrypted_raw;


    EXCEPTION
          WHEN OTHERS THEN 
          RETURN input_string;
    END encrypt;


/
--------------------------------------------------------
--  Constraints for Table ORDER_DETAIL
--------------------------------------------------------

  ALTER TABLE "ORDER_DETAIL" ADD CONSTRAINT "ORDER_DETAIL_UK1" UNIQUE ("BUNDLE_ID")
  USING INDEX PCTFREE 10 INITRANS 2 MAXTRANS 255 COMPUTE STATISTICS 
  STORAGE(INITIAL 65536 NEXT 1048576 MINEXTENTS 1 MAXEXTENTS 2147483645
  PCTINCREASE 0 FREELISTS 1 FREELIST GROUPS 1 BUFFER_POOL DEFAULT FLASH_CACHE DEFAULT CELL_FLASH_CACHE DEFAULT)
  TABLESPACE "USERS"  ENABLE;
 
  ALTER TABLE "ORDER_DETAIL" ADD CONSTRAINT "PK_ORDER_DETAIL" PRIMARY KEY ("ORDER_NUMBER", "MENU_ID")
  USING INDEX PCTFREE 10 INITRANS 2 MAXTRANS 255 COMPUTE STATISTICS 
  STORAGE(INITIAL 65536 NEXT 1048576 MINEXTENTS 1 MAXEXTENTS 2147483645
  PCTINCREASE 0 FREELISTS 1 FREELIST GROUPS 1 BUFFER_POOL DEFAULT FLASH_CACHE DEFAULT CELL_FLASH_CACHE DEFAULT)
  TABLESPACE "USERS"  ENABLE;
 
  ALTER TABLE "ORDER_DETAIL" MODIFY ("ORDER_NUMBER" NOT NULL ENABLE);
 
  ALTER TABLE "ORDER_DETAIL" MODIFY ("MENU_ID" NOT NULL ENABLE);
 
  ALTER TABLE "ORDER_DETAIL" MODIFY ("QUANTITY" NOT NULL ENABLE);
--------------------------------------------------------
--  Constraints for Table ORDER_HISTORY
--------------------------------------------------------

  ALTER TABLE "ORDER_HISTORY" ADD CONSTRAINT "CHECK_PAYSTATUS" CHECK ("ORDER_STATUS">=0 AND "ORDER_STATUS"<=1) ENABLE;
 
  ALTER TABLE "ORDER_HISTORY" ADD CONSTRAINT "PK_ORDER_HISTORY" PRIMARY KEY ("ORDER_NUMBER")
  USING INDEX PCTFREE 10 INITRANS 2 MAXTRANS 255 COMPUTE STATISTICS 
  STORAGE(INITIAL 65536 NEXT 1048576 MINEXTENTS 1 MAXEXTENTS 2147483645
  PCTINCREASE 0 FREELISTS 1 FREELIST GROUPS 1 BUFFER_POOL DEFAULT FLASH_CACHE DEFAULT CELL_FLASH_CACHE DEFAULT)
  TABLESPACE "USERS"  ENABLE;
 
  ALTER TABLE "ORDER_HISTORY" MODIFY ("ORDER_NUMBER" NOT NULL ENABLE);
 
  ALTER TABLE "ORDER_HISTORY" MODIFY ("ORDERER" NOT NULL ENABLE);
 
  ALTER TABLE "ORDER_HISTORY" MODIFY ("DESTINATION" NOT NULL ENABLE);
 
  ALTER TABLE "ORDER_HISTORY" MODIFY ("PAYMENT_METHOD" NOT NULL ENABLE);
 
  ALTER TABLE "ORDER_HISTORY" MODIFY ("PAY_DATE" NOT NULL ENABLE);
 
  ALTER TABLE "ORDER_HISTORY" MODIFY ("ORDER_STATUS" NOT NULL ENABLE);
--------------------------------------------------------
--  Constraints for Table WITHDRAW_MEMBER
--------------------------------------------------------

  ALTER TABLE "WITHDRAW_MEMBER" ADD CONSTRAINT "PK_WITHDRAW_MEMBER" PRIMARY KEY ("INDEX_NUMBER")
  USING INDEX PCTFREE 10 INITRANS 2 MAXTRANS 255 COMPUTE STATISTICS 
  STORAGE(INITIAL 65536 NEXT 1048576 MINEXTENTS 1 MAXEXTENTS 2147483645
  PCTINCREASE 0 FREELISTS 1 FREELIST GROUPS 1 BUFFER_POOL DEFAULT FLASH_CACHE DEFAULT CELL_FLASH_CACHE DEFAULT)
  TABLESPACE "USERS"  ENABLE;
 
  ALTER TABLE "WITHDRAW_MEMBER" MODIFY ("INDEX_NUMBER" NOT NULL ENABLE);
 
  ALTER TABLE "WITHDRAW_MEMBER" MODIFY ("EMAIL" NOT NULL ENABLE);
 
  ALTER TABLE "WITHDRAW_MEMBER" MODIFY ("WITHDRAW_DATE" NOT NULL ENABLE);
 
  ALTER TABLE "WITHDRAW_MEMBER" MODIFY ("REASON_WITHDRAW" NOT NULL ENABLE);
--------------------------------------------------------
--  Constraints for Table RESTAURANT_MANAGER
--------------------------------------------------------

  ALTER TABLE "RESTAURANT_MANAGER" ADD CONSTRAINT "PK_RESTAURANT_MANAGER" PRIMARY KEY ("RST_ID")
  USING INDEX PCTFREE 10 INITRANS 2 MAXTRANS 255 COMPUTE STATISTICS 
  STORAGE(INITIAL 65536 NEXT 1048576 MINEXTENTS 1 MAXEXTENTS 2147483645
  PCTINCREASE 0 FREELISTS 1 FREELIST GROUPS 1 BUFFER_POOL DEFAULT FLASH_CACHE DEFAULT CELL_FLASH_CACHE DEFAULT)
  TABLESPACE "USERS"  ENABLE;
 
  ALTER TABLE "RESTAURANT_MANAGER" MODIFY ("RST_ID" NOT NULL ENABLE);
 
  ALTER TABLE "RESTAURANT_MANAGER" MODIFY ("PASSWORD" NOT NULL ENABLE);
 
  ALTER TABLE "RESTAURANT_MANAGER" MODIFY ("PHONE" NOT NULL ENABLE);
--------------------------------------------------------
--  Constraints for Table VALID_COUPON
--------------------------------------------------------

  ALTER TABLE "VALID_COUPON" ADD CONSTRAINT "PK_VALID_COUPON" PRIMARY KEY ("COUPON_ID")
  USING INDEX PCTFREE 10 INITRANS 2 MAXTRANS 255 COMPUTE STATISTICS 
  STORAGE(INITIAL 65536 NEXT 1048576 MINEXTENTS 1 MAXEXTENTS 2147483645
  PCTINCREASE 0 FREELISTS 1 FREELIST GROUPS 1 BUFFER_POOL DEFAULT FLASH_CACHE DEFAULT CELL_FLASH_CACHE DEFAULT)
  TABLESPACE "USERS"  ENABLE;
 
  ALTER TABLE "VALID_COUPON" MODIFY ("COUPON_ID" NOT NULL ENABLE);
 
  ALTER TABLE "VALID_COUPON" MODIFY ("COUPON_NAME" NOT NULL ENABLE);
 
  ALTER TABLE "VALID_COUPON" MODIFY ("COUPON_INFO" NOT NULL ENABLE);
 
  ALTER TABLE "VALID_COUPON" MODIFY ("AVAILABLE_PRICE" NOT NULL ENABLE);
 
  ALTER TABLE "VALID_COUPON" MODIFY ("DISCOUNT_AMOUNT" NOT NULL ENABLE);
 
  ALTER TABLE "VALID_COUPON" MODIFY ("EXPIRATION_DATE" NOT NULL ENABLE);
--------------------------------------------------------
--  Constraints for Table CART
--------------------------------------------------------

  ALTER TABLE "CART" ADD CONSTRAINT "CART_PK" PRIMARY KEY ("ORDERER", "MENU_ID")
  USING INDEX PCTFREE 10 INITRANS 2 MAXTRANS 255 COMPUTE STATISTICS 
  STORAGE(INITIAL 65536 NEXT 1048576 MINEXTENTS 1 MAXEXTENTS 2147483645
  PCTINCREASE 0 FREELISTS 1 FREELIST GROUPS 1 BUFFER_POOL DEFAULT FLASH_CACHE DEFAULT CELL_FLASH_CACHE DEFAULT)
  TABLESPACE "USERS"  ENABLE;
 
  ALTER TABLE "CART" ADD CONSTRAINT "CART_UK1" UNIQUE ("BUNDLE_ID")
  USING INDEX PCTFREE 10 INITRANS 2 MAXTRANS 255 COMPUTE STATISTICS 
  STORAGE(INITIAL 65536 NEXT 1048576 MINEXTENTS 1 MAXEXTENTS 2147483645
  PCTINCREASE 0 FREELISTS 1 FREELIST GROUPS 1 BUFFER_POOL DEFAULT FLASH_CACHE DEFAULT CELL_FLASH_CACHE DEFAULT)
  TABLESPACE "USERS"  ENABLE;
 
  ALTER TABLE "CART" MODIFY ("ORDERER" NOT NULL ENABLE);
 
  ALTER TABLE "CART" MODIFY ("MENU_ID" NOT NULL ENABLE);
 
  ALTER TABLE "CART" MODIFY ("QUANTITY" NOT NULL ENABLE);
--------------------------------------------------------
--  Constraints for Table REVIEW
--------------------------------------------------------

  ALTER TABLE "REVIEW" ADD CONSTRAINT "CHECK_RATING" CHECK (
			 RATING BETWEEN 1 AND 5) ENABLE;
 
  ALTER TABLE "REVIEW" ADD CONSTRAINT "PK_REVIEW" PRIMARY KEY ("REVIEW_NUMBER")
  USING INDEX PCTFREE 10 INITRANS 2 MAXTRANS 255 COMPUTE STATISTICS 
  STORAGE(INITIAL 65536 NEXT 1048576 MINEXTENTS 1 MAXEXTENTS 2147483645
  PCTINCREASE 0 FREELISTS 1 FREELIST GROUPS 1 BUFFER_POOL DEFAULT FLASH_CACHE DEFAULT CELL_FLASH_CACHE DEFAULT)
  TABLESPACE "USERS"  ENABLE;
 
  ALTER TABLE "REVIEW" MODIFY ("REVIEW_NUMBER" NOT NULL ENABLE);
 
  ALTER TABLE "REVIEW" MODIFY ("ORDER_NUMBER" NOT NULL ENABLE);
 
  ALTER TABLE "REVIEW" MODIFY ("REGIST_DATE" NOT NULL ENABLE);
 
  ALTER TABLE "REVIEW" MODIFY ("CONTENT" NOT NULL ENABLE);
 
  ALTER TABLE "REVIEW" MODIFY ("RATING" NOT NULL ENABLE);
 
  ALTER TABLE "REVIEW" ADD CONSTRAINT "UK_REVIEW" UNIQUE ("ORDER_NUMBER")
  USING INDEX PCTFREE 10 INITRANS 2 MAXTRANS 255 COMPUTE STATISTICS 
  STORAGE(INITIAL 65536 NEXT 1048576 MINEXTENTS 1 MAXEXTENTS 2147483645
  PCTINCREASE 0 FREELISTS 1 FREELIST GROUPS 1 BUFFER_POOL DEFAULT FLASH_CACHE DEFAULT CELL_FLASH_CACHE DEFAULT)
  TABLESPACE "USERS"  ENABLE;
--------------------------------------------------------
--  Constraints for Table NOTICE
--------------------------------------------------------

  ALTER TABLE "NOTICE" MODIFY ("NOTICE_NUMBER" NOT NULL ENABLE);
 
  ALTER TABLE "NOTICE" MODIFY ("WRITER" NOT NULL ENABLE);
 
  ALTER TABLE "NOTICE" MODIFY ("REGIST_DATE" NOT NULL ENABLE);
 
  ALTER TABLE "NOTICE" MODIFY ("TITLE" NOT NULL ENABLE);
 
  ALTER TABLE "NOTICE" MODIFY ("CONTENT" NOT NULL ENABLE);
 
  ALTER TABLE "NOTICE" MODIFY ("CATEGORY" NOT NULL ENABLE);
--------------------------------------------------------
--  Constraints for Table NONMEMBER
--------------------------------------------------------

  ALTER TABLE "NONMEMBER" ADD CONSTRAINT "PK_NONMEMBER" PRIMARY KEY ("PHONE")
  USING INDEX PCTFREE 10 INITRANS 2 MAXTRANS 255 COMPUTE STATISTICS 
  STORAGE(INITIAL 65536 NEXT 1048576 MINEXTENTS 1 MAXEXTENTS 2147483645
  PCTINCREASE 0 FREELISTS 1 FREELIST GROUPS 1 BUFFER_POOL DEFAULT FLASH_CACHE DEFAULT CELL_FLASH_CACHE DEFAULT)
  TABLESPACE "USERS"  ENABLE;
 
  ALTER TABLE "NONMEMBER" MODIFY ("PHONE" NOT NULL ENABLE);
 
  ALTER TABLE "NONMEMBER" MODIFY ("PASSWORD" NOT NULL ENABLE);
--------------------------------------------------------
--  Constraints for Table SELECTED_OPTION
--------------------------------------------------------

  ALTER TABLE "SELECTED_OPTION" ADD CONSTRAINT "SELECTED_OPTION_PK" PRIMARY KEY ("BUNDLE_ID", "OPTION_ID")
  USING INDEX PCTFREE 10 INITRANS 2 MAXTRANS 255 COMPUTE STATISTICS 
  STORAGE(INITIAL 65536 NEXT 1048576 MINEXTENTS 1 MAXEXTENTS 2147483645
  PCTINCREASE 0 FREELISTS 1 FREELIST GROUPS 1 BUFFER_POOL DEFAULT FLASH_CACHE DEFAULT CELL_FLASH_CACHE DEFAULT)
  TABLESPACE "USERS"  ENABLE;
 
  ALTER TABLE "SELECTED_OPTION" MODIFY ("BUNDLE_ID" NOT NULL ENABLE);
 
  ALTER TABLE "SELECTED_OPTION" MODIFY ("OPTION_ID" NOT NULL ENABLE);
--------------------------------------------------------
--  Constraints for Table OWNED_COUPON
--------------------------------------------------------

  ALTER TABLE "OWNED_COUPON" ADD CONSTRAINT "PK_OWNED_COUPON" PRIMARY KEY ("COUPON_ID", "OWNER_ID")
  USING INDEX PCTFREE 10 INITRANS 2 MAXTRANS 255 COMPUTE STATISTICS 
  STORAGE(INITIAL 65536 NEXT 1048576 MINEXTENTS 1 MAXEXTENTS 2147483645
  PCTINCREASE 0 FREELISTS 1 FREELIST GROUPS 1 BUFFER_POOL DEFAULT FLASH_CACHE DEFAULT CELL_FLASH_CACHE DEFAULT)
  TABLESPACE "USERS"  ENABLE;
 
  ALTER TABLE "OWNED_COUPON" MODIFY ("COUPON_ID" NOT NULL ENABLE);
 
  ALTER TABLE "OWNED_COUPON" MODIFY ("OWNER_ID" NOT NULL ENABLE);
 
  ALTER TABLE "OWNED_COUPON" MODIFY ("AVAILABLE_COUNT" NOT NULL ENABLE);
--------------------------------------------------------
--  Constraints for Table RESTAURANT
--------------------------------------------------------

  ALTER TABLE "RESTAURANT" ADD CONSTRAINT "CHECK_RSTENABLE" CHECK (
			 ENABLE BETWEEN -1 AND 1) ENABLE;
 
  ALTER TABLE "RESTAURANT" ADD CONSTRAINT "PK_RESTAURANT" PRIMARY KEY ("RST_ID")
  USING INDEX PCTFREE 10 INITRANS 2 MAXTRANS 255 COMPUTE STATISTICS 
  STORAGE(INITIAL 65536 NEXT 1048576 MINEXTENTS 1 MAXEXTENTS 2147483645
  PCTINCREASE 0 FREELISTS 1 FREELIST GROUPS 1 BUFFER_POOL DEFAULT FLASH_CACHE DEFAULT CELL_FLASH_CACHE DEFAULT)
  TABLESPACE "USERS"  ENABLE;
 
  ALTER TABLE "RESTAURANT" MODIFY ("RST_ID" NOT NULL ENABLE);
 
  ALTER TABLE "RESTAURANT" MODIFY ("CATEGORY_ID" NOT NULL ENABLE);
 
  ALTER TABLE "RESTAURANT" MODIFY ("RST_NAME" NOT NULL ENABLE);
 
  ALTER TABLE "RESTAURANT" MODIFY ("PHONE" NOT NULL ENABLE);
 
  ALTER TABLE "RESTAURANT" MODIFY ("ADDRESS" NOT NULL ENABLE);
 
  ALTER TABLE "RESTAURANT" MODIFY ("MIN_ORDER" NOT NULL ENABLE);
 
  ALTER TABLE "RESTAURANT" MODIFY ("ORIGIN" NOT NULL ENABLE);
 
  ALTER TABLE "RESTAURANT" MODIFY ("HOURS" NOT NULL ENABLE);
 
  ALTER TABLE "RESTAURANT" MODIFY ("BUSSINESS_NUMBER" NOT NULL ENABLE);
 
  ALTER TABLE "RESTAURANT" MODIFY ("BUSSINESS_NAME" NOT NULL ENABLE);
 
  ALTER TABLE "RESTAURANT" MODIFY ("PAYMENTS" NOT NULL ENABLE);
 
  ALTER TABLE "RESTAURANT" MODIFY ("RST_NOTICE" NOT NULL ENABLE);
 
  ALTER TABLE "RESTAURANT" MODIFY ("ESTIMATED_TIME" NOT NULL ENABLE);
 
  ALTER TABLE "RESTAURANT" MODIFY ("RST_LOGO" NOT NULL ENABLE);
 
  ALTER TABLE "RESTAURANT" MODIFY ("ENABLE" NOT NULL ENABLE);
--------------------------------------------------------
--  Constraints for Table MENU
--------------------------------------------------------

  ALTER TABLE "MENU" ADD CONSTRAINT "CHECK_MENUENABLE" CHECK (ENABLE BETWEEN 0 AND 1) ENABLE;
 
  ALTER TABLE "MENU" ADD CONSTRAINT "PK_MENU" PRIMARY KEY ("MENU_ID")
  USING INDEX PCTFREE 10 INITRANS 2 MAXTRANS 255 COMPUTE STATISTICS 
  STORAGE(INITIAL 65536 NEXT 1048576 MINEXTENTS 1 MAXEXTENTS 2147483645
  PCTINCREASE 0 FREELISTS 1 FREELIST GROUPS 1 BUFFER_POOL DEFAULT FLASH_CACHE DEFAULT CELL_FLASH_CACHE DEFAULT)
  TABLESPACE "USERS"  ENABLE;
 
  ALTER TABLE "MENU" MODIFY ("MENU_ID" NOT NULL ENABLE);
 
  ALTER TABLE "MENU" MODIFY ("CATEGORY_ID" NOT NULL ENABLE);
 
  ALTER TABLE "MENU" MODIFY ("MENU_NAME" NOT NULL ENABLE);
 
  ALTER TABLE "MENU" MODIFY ("PRICE" NOT NULL ENABLE);
 
  ALTER TABLE "MENU" MODIFY ("ENABLE" NOT NULL ENABLE);
--------------------------------------------------------
--  Constraints for Table ORDERED_OPTION
--------------------------------------------------------

  ALTER TABLE "ORDERED_OPTION" ADD CONSTRAINT "ORDERED_OPTION_PK" PRIMARY KEY ("BUNDLE_ID", "OPTION_ID")
  USING INDEX PCTFREE 10 INITRANS 2 MAXTRANS 255 COMPUTE STATISTICS 
  STORAGE(INITIAL 65536 NEXT 1048576 MINEXTENTS 1 MAXEXTENTS 2147483645
  PCTINCREASE 0 FREELISTS 1 FREELIST GROUPS 1 BUFFER_POOL DEFAULT FLASH_CACHE DEFAULT CELL_FLASH_CACHE DEFAULT)
  TABLESPACE "USERS"  ENABLE;
 
  ALTER TABLE "ORDERED_OPTION" MODIFY ("BUNDLE_ID" NOT NULL ENABLE);
 
  ALTER TABLE "ORDERED_OPTION" MODIFY ("OPTION_ID" NOT NULL ENABLE);
--------------------------------------------------------
--  Constraints for Table DELIVERY_ZONE
--------------------------------------------------------

  ALTER TABLE "DELIVERY_ZONE" ADD CONSTRAINT "PK_DELIVERY_ZONE" PRIMARY KEY ("ZONE_INDEX")
  USING INDEX PCTFREE 10 INITRANS 2 MAXTRANS 255 COMPUTE STATISTICS 
  STORAGE(INITIAL 65536 NEXT 1048576 MINEXTENTS 1 MAXEXTENTS 2147483645
  PCTINCREASE 0 FREELISTS 1 FREELIST GROUPS 1 BUFFER_POOL DEFAULT FLASH_CACHE DEFAULT CELL_FLASH_CACHE DEFAULT)
  TABLESPACE "USERS"  ENABLE;
 
  ALTER TABLE "DELIVERY_ZONE" MODIFY ("ZONE_INDEX" NOT NULL ENABLE);
 
  ALTER TABLE "DELIVERY_ZONE" MODIFY ("RST_ID" NOT NULL ENABLE);
 
  ALTER TABLE "DELIVERY_ZONE" MODIFY ("SIDO" NOT NULL ENABLE);
 
  ALTER TABLE "DELIVERY_ZONE" MODIFY ("SIGUNGU" NOT NULL ENABLE);
 
  ALTER TABLE "DELIVERY_ZONE" MODIFY ("BNAME" NOT NULL ENABLE);
--------------------------------------------------------
--  Constraints for Table MENU_OPTION
--------------------------------------------------------

  ALTER TABLE "MENU_OPTION" ADD CONSTRAINT "PK_MENU_OPTION" PRIMARY KEY ("MENU_ID", "GROUP_ID")
  USING INDEX PCTFREE 10 INITRANS 2 MAXTRANS 255 COMPUTE STATISTICS 
  STORAGE(INITIAL 65536 NEXT 1048576 MINEXTENTS 1 MAXEXTENTS 2147483645
  PCTINCREASE 0 FREELISTS 1 FREELIST GROUPS 1 BUFFER_POOL DEFAULT FLASH_CACHE DEFAULT CELL_FLASH_CACHE DEFAULT)
  TABLESPACE "USERS"  ENABLE;
 
  ALTER TABLE "MENU_OPTION" MODIFY ("MENU_ID" NOT NULL ENABLE);
 
  ALTER TABLE "MENU_OPTION" MODIFY ("GROUP_ID" NOT NULL ENABLE);
--------------------------------------------------------
--  Constraints for Table MEMBER_LOGIN
--------------------------------------------------------

  ALTER TABLE "MEMBER_LOGIN" ADD CONSTRAINT "MEMBER_LOGIN_CHK1" CHECK (email like '%@%.%') ENABLE;
 
  ALTER TABLE "MEMBER_LOGIN" ADD CONSTRAINT "PK_MEMBER_LOGIN" PRIMARY KEY ("EMAIL")
  USING INDEX PCTFREE 10 INITRANS 2 MAXTRANS 255 COMPUTE STATISTICS 
  STORAGE(INITIAL 65536 NEXT 1048576 MINEXTENTS 1 MAXEXTENTS 2147483645
  PCTINCREASE 0 FREELISTS 1 FREELIST GROUPS 1 BUFFER_POOL DEFAULT FLASH_CACHE DEFAULT CELL_FLASH_CACHE DEFAULT)
  TABLESPACE "USERS"  ENABLE;
 
  ALTER TABLE "MEMBER_LOGIN" MODIFY ("EMAIL" NOT NULL ENABLE);
 
  ALTER TABLE "MEMBER_LOGIN" MODIFY ("PASSWORD" NOT NULL ENABLE);
--------------------------------------------------------
--  Constraints for Table FAVORITE_RESTAURANT
--------------------------------------------------------

  ALTER TABLE "FAVORITE_RESTAURANT" ADD CONSTRAINT "PK_FAVORITE_RESTAURANT" PRIMARY KEY ("EMAIL", "RST_ID")
  USING INDEX PCTFREE 10 INITRANS 2 MAXTRANS 255 COMPUTE STATISTICS 
  STORAGE(INITIAL 65536 NEXT 1048576 MINEXTENTS 1 MAXEXTENTS 2147483645
  PCTINCREASE 0 FREELISTS 1 FREELIST GROUPS 1 BUFFER_POOL DEFAULT FLASH_CACHE DEFAULT CELL_FLASH_CACHE DEFAULT)
  TABLESPACE "USERS"  ENABLE;
 
  ALTER TABLE "FAVORITE_RESTAURANT" MODIFY ("EMAIL" NOT NULL ENABLE);
 
  ALTER TABLE "FAVORITE_RESTAURANT" MODIFY ("RST_ID" NOT NULL ENABLE);
--------------------------------------------------------
--  Constraints for Table REVIEW_LIKE
--------------------------------------------------------

  ALTER TABLE "REVIEW_LIKE" ADD CONSTRAINT "PK_REVIEW_LIKE" PRIMARY KEY ("REVIEW_NUMBER", "EMAIL")
  USING INDEX PCTFREE 10 INITRANS 2 MAXTRANS 255 COMPUTE STATISTICS 
  STORAGE(INITIAL 65536 NEXT 1048576 MINEXTENTS 1 MAXEXTENTS 2147483645
  PCTINCREASE 0 FREELISTS 1 FREELIST GROUPS 1 BUFFER_POOL DEFAULT FLASH_CACHE DEFAULT CELL_FLASH_CACHE DEFAULT)
  TABLESPACE "USERS"  ENABLE;
 
  ALTER TABLE "REVIEW_LIKE" MODIFY ("REVIEW_NUMBER" NOT NULL ENABLE);
 
  ALTER TABLE "REVIEW_LIKE" MODIFY ("EMAIL" NOT NULL ENABLE);
--------------------------------------------------------
--  Constraints for Table OPTION_GROUP
--------------------------------------------------------

  ALTER TABLE "OPTION_GROUP" ADD CONSTRAINT "OPTION_GROUP_UK1" UNIQUE ("RST_ID", "GROUP_NAME")
  USING INDEX PCTFREE 10 INITRANS 2 MAXTRANS 255 COMPUTE STATISTICS 
  STORAGE(INITIAL 65536 NEXT 1048576 MINEXTENTS 1 MAXEXTENTS 2147483645
  PCTINCREASE 0 FREELISTS 1 FREELIST GROUPS 1 BUFFER_POOL DEFAULT FLASH_CACHE DEFAULT CELL_FLASH_CACHE DEFAULT)
  TABLESPACE "USERS"  ENABLE;
 
  ALTER TABLE "OPTION_GROUP" ADD CONSTRAINT "PK_OPTION_GROUP" PRIMARY KEY ("GROUP_ID")
  USING INDEX PCTFREE 10 INITRANS 2 MAXTRANS 255 COMPUTE STATISTICS 
  STORAGE(INITIAL 65536 NEXT 1048576 MINEXTENTS 1 MAXEXTENTS 2147483645
  PCTINCREASE 0 FREELISTS 1 FREELIST GROUPS 1 BUFFER_POOL DEFAULT FLASH_CACHE DEFAULT CELL_FLASH_CACHE DEFAULT)
  TABLESPACE "USERS"  ENABLE;
 
  ALTER TABLE "OPTION_GROUP" MODIFY ("GROUP_ID" NOT NULL ENABLE);
 
  ALTER TABLE "OPTION_GROUP" MODIFY ("RST_ID" NOT NULL ENABLE);
 
  ALTER TABLE "OPTION_GROUP" MODIFY ("GROUP_NAME" NOT NULL ENABLE);
 
  ALTER TABLE "OPTION_GROUP" MODIFY ("ESSENTIAL" NOT NULL ENABLE);
--------------------------------------------------------
--  Constraints for Table RESTAURANT_CATEGORY
--------------------------------------------------------

  ALTER TABLE "RESTAURANT_CATEGORY" ADD CONSTRAINT "PK_RESTAURANT_CATEGORY" PRIMARY KEY ("CATEGORY_ID")
  USING INDEX PCTFREE 10 INITRANS 2 MAXTRANS 255 COMPUTE STATISTICS 
  STORAGE(INITIAL 65536 NEXT 1048576 MINEXTENTS 1 MAXEXTENTS 2147483645
  PCTINCREASE 0 FREELISTS 1 FREELIST GROUPS 1 BUFFER_POOL DEFAULT FLASH_CACHE DEFAULT CELL_FLASH_CACHE DEFAULT)
  TABLESPACE "USERS"  ENABLE;
 
  ALTER TABLE "RESTAURANT_CATEGORY" MODIFY ("CATEGORY_ID" NOT NULL ENABLE);
 
  ALTER TABLE "RESTAURANT_CATEGORY" MODIFY ("CATEGORY_NAME" NOT NULL ENABLE);
 
  ALTER TABLE "RESTAURANT_CATEGORY" MODIFY ("CATEGORY_ICON" NOT NULL ENABLE);
--------------------------------------------------------
--  Constraints for Table OPTION_INFO
--------------------------------------------------------

  ALTER TABLE "OPTION_INFO" ADD CONSTRAINT "CHECK_OPENABLE" CHECK (
			 ENABLE BETWEEN 0 AND 1) ENABLE;
 
  ALTER TABLE "OPTION_INFO" ADD CONSTRAINT "PK_OPTION_INFO" PRIMARY KEY ("OPTION_ID")
  USING INDEX PCTFREE 10 INITRANS 2 MAXTRANS 255 COMPUTE STATISTICS 
  STORAGE(INITIAL 65536 NEXT 1048576 MINEXTENTS 1 MAXEXTENTS 2147483645
  PCTINCREASE 0 FREELISTS 1 FREELIST GROUPS 1 BUFFER_POOL DEFAULT FLASH_CACHE DEFAULT CELL_FLASH_CACHE DEFAULT)
  TABLESPACE "USERS"  ENABLE;
 
  ALTER TABLE "OPTION_INFO" MODIFY ("OPTION_ID" NOT NULL ENABLE);
 
  ALTER TABLE "OPTION_INFO" MODIFY ("GROUP_ID" NOT NULL ENABLE);
 
  ALTER TABLE "OPTION_INFO" MODIFY ("OPTION_NAME" NOT NULL ENABLE);
 
  ALTER TABLE "OPTION_INFO" MODIFY ("ENABLE" NOT NULL ENABLE);
--------------------------------------------------------
--  Constraints for Table REPLY
--------------------------------------------------------

  ALTER TABLE "REPLY" ADD CONSTRAINT "PK_REPLY" PRIMARY KEY ("REPLY_NUMBER")
  USING INDEX PCTFREE 10 INITRANS 2 MAXTRANS 255 COMPUTE STATISTICS 
  STORAGE(INITIAL 65536 NEXT 1048576 MINEXTENTS 1 MAXEXTENTS 2147483645
  PCTINCREASE 0 FREELISTS 1 FREELIST GROUPS 1 BUFFER_POOL DEFAULT FLASH_CACHE DEFAULT CELL_FLASH_CACHE DEFAULT)
  TABLESPACE "USERS"  ENABLE;
 
  ALTER TABLE "REPLY" MODIFY ("REPLY_NUMBER" NOT NULL ENABLE);
 
  ALTER TABLE "REPLY" MODIFY ("REVIEW_NUMBER" NOT NULL ENABLE);
 
  ALTER TABLE "REPLY" MODIFY ("REGIST_DATE" NOT NULL ENABLE);
 
  ALTER TABLE "REPLY" MODIFY ("CONTENT" NOT NULL ENABLE);
--------------------------------------------------------
--  Constraints for Table MENU_CATEGORY
--------------------------------------------------------

  ALTER TABLE "MENU_CATEGORY" ADD CONSTRAINT "MENU_CATEGORY_UK1" UNIQUE ("CATEGORY_NAME", "RST_ID")
  USING INDEX PCTFREE 10 INITRANS 2 MAXTRANS 255 COMPUTE STATISTICS 
  STORAGE(INITIAL 65536 NEXT 1048576 MINEXTENTS 1 MAXEXTENTS 2147483645
  PCTINCREASE 0 FREELISTS 1 FREELIST GROUPS 1 BUFFER_POOL DEFAULT FLASH_CACHE DEFAULT CELL_FLASH_CACHE DEFAULT)
  TABLESPACE "USERS"  ENABLE;
 
  ALTER TABLE "MENU_CATEGORY" ADD CONSTRAINT "PK_MENU_CATEGORY" PRIMARY KEY ("CATEGORY_ID")
  USING INDEX PCTFREE 10 INITRANS 2 MAXTRANS 255 COMPUTE STATISTICS 
  STORAGE(INITIAL 65536 NEXT 1048576 MINEXTENTS 1 MAXEXTENTS 2147483645
  PCTINCREASE 0 FREELISTS 1 FREELIST GROUPS 1 BUFFER_POOL DEFAULT FLASH_CACHE DEFAULT CELL_FLASH_CACHE DEFAULT)
  TABLESPACE "USERS"  ENABLE;
 
  ALTER TABLE "MENU_CATEGORY" MODIFY ("CATEGORY_ID" NOT NULL ENABLE);
 
  ALTER TABLE "MENU_CATEGORY" MODIFY ("CATEGORY_NAME" NOT NULL ENABLE);
 
  ALTER TABLE "MENU_CATEGORY" MODIFY ("RST_ID" NOT NULL ENABLE);
--------------------------------------------------------
--  Constraints for Table ADMINISTRATOR
--------------------------------------------------------

  ALTER TABLE "ADMINISTRATOR" ADD CONSTRAINT "CHECK_AUTHORITY" CHECK (
			 AUTHORITY BETWEEN 1 AND 4) ENABLE;
 
  ALTER TABLE "ADMINISTRATOR" ADD CONSTRAINT "PK_ADMINISTRATOR" PRIMARY KEY ("ADMIN_ID")
  USING INDEX PCTFREE 10 INITRANS 2 MAXTRANS 255 COMPUTE STATISTICS 
  STORAGE(INITIAL 65536 NEXT 1048576 MINEXTENTS 1 MAXEXTENTS 2147483645
  PCTINCREASE 0 FREELISTS 1 FREELIST GROUPS 1 BUFFER_POOL DEFAULT FLASH_CACHE DEFAULT CELL_FLASH_CACHE DEFAULT)
  TABLESPACE "USERS"  ENABLE;
 
  ALTER TABLE "ADMINISTRATOR" MODIFY ("ADMIN_ID" NOT NULL ENABLE);
 
  ALTER TABLE "ADMINISTRATOR" MODIFY ("PASSWORD" NOT NULL ENABLE);
 
  ALTER TABLE "ADMINISTRATOR" MODIFY ("AUTHORITY" NOT NULL ENABLE);
--------------------------------------------------------
--  Constraints for Table MEMBER_INFO
--------------------------------------------------------

  ALTER TABLE "MEMBER_INFO" ADD CONSTRAINT "CHECK_RM" CHECK (RECEIVE_MARKETING BETWEEN 0 AND 1) ENABLE;
 
  ALTER TABLE "MEMBER_INFO" ADD CONSTRAINT "MEMBER_INFO_CHK1" CHECK (email LIKE '%@%.%') ENABLE;
 
  ALTER TABLE "MEMBER_INFO" ADD CONSTRAINT "PK_MEMBER_INFO" PRIMARY KEY ("EMAIL")
  USING INDEX PCTFREE 10 INITRANS 2 MAXTRANS 255 COMPUTE STATISTICS 
  STORAGE(INITIAL 65536 NEXT 1048576 MINEXTENTS 1 MAXEXTENTS 2147483645
  PCTINCREASE 0 FREELISTS 1 FREELIST GROUPS 1 BUFFER_POOL DEFAULT FLASH_CACHE DEFAULT CELL_FLASH_CACHE DEFAULT)
  TABLESPACE "USERS"  ENABLE;
 
  ALTER TABLE "MEMBER_INFO" MODIFY ("EMAIL" NOT NULL ENABLE);
 
  ALTER TABLE "MEMBER_INFO" MODIFY ("PHONE" NOT NULL ENABLE);
 
  ALTER TABLE "MEMBER_INFO" MODIFY ("NICKNAME" NOT NULL ENABLE);
 
  ALTER TABLE "MEMBER_INFO" MODIFY ("MEMBERSHIP" NOT NULL ENABLE);
 
  ALTER TABLE "MEMBER_INFO" MODIFY ("JOIN_DATE" NOT NULL ENABLE);
 
  ALTER TABLE "MEMBER_INFO" MODIFY ("RECEIVE_MARKETING" NOT NULL ENABLE);
 
  ALTER TABLE "MEMBER_INFO" ADD CONSTRAINT "UK_MEMBER_INFO" UNIQUE ("PHONE")
  USING INDEX PCTFREE 10 INITRANS 2 MAXTRANS 255 COMPUTE STATISTICS 
  STORAGE(INITIAL 65536 NEXT 1048576 MINEXTENTS 1 MAXEXTENTS 2147483645
  PCTINCREASE 0 FREELISTS 1 FREELIST GROUPS 1 BUFFER_POOL DEFAULT FLASH_CACHE DEFAULT CELL_FLASH_CACHE DEFAULT)
  TABLESPACE "USERS"  ENABLE;
 
  ALTER TABLE "MEMBER_INFO" ADD CONSTRAINT "UK_MEMBER_INFO2" UNIQUE ("NICKNAME")
  USING INDEX PCTFREE 10 INITRANS 2 MAXTRANS 255 COMPUTE STATISTICS 
  STORAGE(INITIAL 65536 NEXT 1048576 MINEXTENTS 1 MAXEXTENTS 2147483645
  PCTINCREASE 0 FREELISTS 1 FREELIST GROUPS 1 BUFFER_POOL DEFAULT FLASH_CACHE DEFAULT CELL_FLASH_CACHE DEFAULT)
  TABLESPACE "USERS"  ENABLE;
--------------------------------------------------------
--  Ref Constraints for Table CART
--------------------------------------------------------

  ALTER TABLE "CART" ADD CONSTRAINT "FK_MEMBER_TO_CART" FOREIGN KEY ("ORDERER")
	  REFERENCES "MEMBER_INFO" ("EMAIL") ENABLE;
 
  ALTER TABLE "CART" ADD CONSTRAINT "FK_MENU_TO_CART" FOREIGN KEY ("MENU_ID")
	  REFERENCES "MENU" ("MENU_ID") ENABLE;
--------------------------------------------------------
--  Ref Constraints for Table DELIVERY_ZONE
--------------------------------------------------------

  ALTER TABLE "DELIVERY_ZONE" ADD CONSTRAINT "FK_RST_TO_DELIVERY_ZONE" FOREIGN KEY ("RST_ID")
	  REFERENCES "RESTAURANT" ("RST_ID") ON DELETE CASCADE ENABLE;
--------------------------------------------------------
--  Ref Constraints for Table FAVORITE_RESTAURANT
--------------------------------------------------------

  ALTER TABLE "FAVORITE_RESTAURANT" ADD CONSTRAINT "FK_MEMBER_TO_FAVORITE" FOREIGN KEY ("EMAIL")
	  REFERENCES "MEMBER_INFO" ("EMAIL") ENABLE;
 
  ALTER TABLE "FAVORITE_RESTAURANT" ADD CONSTRAINT "FK_RST_TO_FAVORITE" FOREIGN KEY ("RST_ID")
	  REFERENCES "RESTAURANT" ("RST_ID") ENABLE;
--------------------------------------------------------
--  Ref Constraints for Table MEMBER_LOGIN
--------------------------------------------------------

  ALTER TABLE "MEMBER_LOGIN" ADD CONSTRAINT "FK_MEMBER_INFO_TO_LOGIN" FOREIGN KEY ("EMAIL")
	  REFERENCES "MEMBER_INFO" ("EMAIL") ENABLE;
--------------------------------------------------------
--  Ref Constraints for Table MENU
--------------------------------------------------------

  ALTER TABLE "MENU" ADD CONSTRAINT "FK_CATEGORY_TO_MENU" FOREIGN KEY ("CATEGORY_ID")
	  REFERENCES "MENU_CATEGORY" ("CATEGORY_ID") ENABLE;
--------------------------------------------------------
--  Ref Constraints for Table MENU_CATEGORY
--------------------------------------------------------

  ALTER TABLE "MENU_CATEGORY" ADD CONSTRAINT "FK_RST_TO_MENU_CATEGORY" FOREIGN KEY ("RST_ID")
	  REFERENCES "RESTAURANT" ("RST_ID") ENABLE;
--------------------------------------------------------
--  Ref Constraints for Table MENU_OPTION
--------------------------------------------------------

  ALTER TABLE "MENU_OPTION" ADD CONSTRAINT "FK_MENU_TO_MENU_OPTION" FOREIGN KEY ("MENU_ID")
	  REFERENCES "MENU" ("MENU_ID") ENABLE;
 
  ALTER TABLE "MENU_OPTION" ADD CONSTRAINT "FK_OPTION_TO_MENU_OPTION" FOREIGN KEY ("GROUP_ID")
	  REFERENCES "OPTION_GROUP" ("GROUP_ID") ENABLE;
--------------------------------------------------------
--  Ref Constraints for Table NOTICE
--------------------------------------------------------

  ALTER TABLE "NOTICE" ADD CONSTRAINT "FK_ADMIN_TO_NOTICE" FOREIGN KEY ("WRITER")
	  REFERENCES "ADMINISTRATOR" ("ADMIN_ID") ENABLE;
--------------------------------------------------------
--  Ref Constraints for Table OPTION_GROUP
--------------------------------------------------------

  ALTER TABLE "OPTION_GROUP" ADD CONSTRAINT "FK_RST_TO_OPTION" FOREIGN KEY ("RST_ID")
	  REFERENCES "RESTAURANT" ("RST_ID") ENABLE;
--------------------------------------------------------
--  Ref Constraints for Table OPTION_INFO
--------------------------------------------------------

  ALTER TABLE "OPTION_INFO" ADD CONSTRAINT "FK_OPTION" FOREIGN KEY ("GROUP_ID")
	  REFERENCES "OPTION_GROUP" ("GROUP_ID") ENABLE;
--------------------------------------------------------
--  Ref Constraints for Table ORDER_DETAIL
--------------------------------------------------------

  ALTER TABLE "ORDER_DETAIL" ADD CONSTRAINT "FK_MENU_TO_ORDER_DETAIL" FOREIGN KEY ("MENU_ID")
	  REFERENCES "MENU" ("MENU_ID") ENABLE;
 
  ALTER TABLE "ORDER_DETAIL" ADD CONSTRAINT "FK_ORDER_HISTORY_TO_DETAIL" FOREIGN KEY ("ORDER_NUMBER")
	  REFERENCES "ORDER_HISTORY" ("ORDER_NUMBER") ENABLE;
--------------------------------------------------------
--  Ref Constraints for Table ORDER_HISTORY
--------------------------------------------------------

  ALTER TABLE "ORDER_HISTORY" ADD CONSTRAINT "FK_COUPON_TO_ORDER" FOREIGN KEY ("COUPON_ID", "ORDERER")
	  REFERENCES "OWNED_COUPON" ("COUPON_ID", "OWNER_ID") ENABLE;
 
  ALTER TABLE "ORDER_HISTORY" ADD CONSTRAINT "FK_MEMBER_TO_ORDER" FOREIGN KEY ("ORDERER")
	  REFERENCES "MEMBER_INFO" ("EMAIL") ENABLE;
--------------------------------------------------------
--  Ref Constraints for Table OWNED_COUPON
--------------------------------------------------------

  ALTER TABLE "OWNED_COUPON" ADD CONSTRAINT "FK_MEMBER_TO_COUPON" FOREIGN KEY ("OWNER_ID")
	  REFERENCES "MEMBER_INFO" ("EMAIL") ENABLE;
 
  ALTER TABLE "OWNED_COUPON" ADD CONSTRAINT "FK_VALID_COUPON_TO_OWNED" FOREIGN KEY ("COUPON_ID")
	  REFERENCES "VALID_COUPON" ("COUPON_ID") ON DELETE CASCADE ENABLE;
--------------------------------------------------------
--  Ref Constraints for Table REPLY
--------------------------------------------------------

  ALTER TABLE "REPLY" ADD CONSTRAINT "FK_REVIEW_TO_REPLY" FOREIGN KEY ("REVIEW_NUMBER")
	  REFERENCES "REVIEW" ("REVIEW_NUMBER") ENABLE;
--------------------------------------------------------
--  Ref Constraints for Table RESTAURANT
--------------------------------------------------------

  ALTER TABLE "RESTAURANT" ADD CONSTRAINT "FK_RST_CATEGORY_TO_RST" FOREIGN KEY ("CATEGORY_ID")
	  REFERENCES "RESTAURANT_CATEGORY" ("CATEGORY_ID") ENABLE;
--------------------------------------------------------
--  Ref Constraints for Table RESTAURANT_MANAGER
--------------------------------------------------------

  ALTER TABLE "RESTAURANT_MANAGER" ADD CONSTRAINT "FK_RST_TO_MANAGER" FOREIGN KEY ("RST_ID")
	  REFERENCES "RESTAURANT" ("RST_ID") ON DELETE CASCADE ENABLE;
--------------------------------------------------------
--  Ref Constraints for Table REVIEW
--------------------------------------------------------

  ALTER TABLE "REVIEW" ADD CONSTRAINT "FK_ORDER_TO_REVIEW" FOREIGN KEY ("ORDER_NUMBER")
	  REFERENCES "ORDER_HISTORY" ("ORDER_NUMBER") ENABLE;
--------------------------------------------------------
--  Ref Constraints for Table REVIEW_LIKE
--------------------------------------------------------

  ALTER TABLE "REVIEW_LIKE" ADD CONSTRAINT "FK_MEMBER_TO_LIKE" FOREIGN KEY ("EMAIL")
	  REFERENCES "MEMBER_INFO" ("EMAIL") ENABLE;
 
  ALTER TABLE "REVIEW_LIKE" ADD CONSTRAINT "FK_REVIEW_TO_LIKE" FOREIGN KEY ("REVIEW_NUMBER")
	  REFERENCES "REVIEW" ("REVIEW_NUMBER") ENABLE;
--------------------------------------------------------
--  Ref Constraints for Table SELECTED_OPTION
--------------------------------------------------------

  ALTER TABLE "SELECTED_OPTION" ADD CONSTRAINT "SELECTED_OPTION_FK1" FOREIGN KEY ("BUNDLE_ID")
	  REFERENCES "CART" ("BUNDLE_ID") ON DELETE CASCADE ENABLE;
